name,John
name,William
name,James
name,Charles
name,George
name,Frank
name,Joseph
name,Thomas
name,Henry
name,Robert
name,Edward
name,Harry
name,Walter
name,Arthur
name,Fred
name,Albert
name,Samuel
name,David
name,Louis
name,Joe
name,Charlie
name,Clarence
name,Richard
name,Andrew
name,Daniel
name,Ernest
name,Will
name,Jesse
name,Oscar
name,Lewis
name,Peter
name,Benjamin
name,Frederick
name,Willie
name,Alfred
name,Sam
name,Roy
name,Herbert
name,Jacob
name,Tom
name,Elmer
name,Carl
name,Lee
name,Howard
name,Martin
name,Michael
name,Bert
name,Herman
name,Jim
name,Francis
name,Harvey
name,Earl
name,Eugene
name,Ralph
name,Ed
name,Claude
name,Edwin
name,Ben
name,Charley
name,Paul
name,Edgar
name,Isaac
name,Otto
name,Luther
name,Lawrence
name,Ira
name,Patrick
name,Guy
name,Oliver
name,Theodore
name,Hugh
name,Clyde
name,Alexander
name,August
name,Floyd
name,Homer
name,Jack
name,Leonard
name,Horace
name,Marion
name,Philip
name,Allen
name,Archie
name,Stephen
name,Chester
name,Willis
name,Raymond
name,Rufus
name,Warren
name,Jessie
name,Milton
name,Alex
name,Leo
name,Julius
name,Ray
name,Sidney
name,Bernard
name,Dan
name,Jerry
name,Calvin
name,Perry
name,Dave
name,Anthony
name,Eddie
name,Amos
name,Dennis
name,Clifford
name,Leroy
name,Wesley
name,Alonzo
name,Garfield
name,Franklin
name,Emil
name,Leon
name,Nathan
name,Harold
name,Matthew
name,Levi
name,Moses
name,Everett
name,Lester
name,Winfield
name,Adam
name,Lloyd
name,Mack
name,Fredrick
name,Jay
name,Jess
name,Melvin
name,Noah
name,Aaron
name,Alvin
name,Norman
name,Gilbert
name,Elijah
name,Victor
name,Gus
name,Nelson
name,Jasper
name,Silas
name,Christopher
name,Jake
name,Mike
name,Percy
name,Adolph
name,Maurice
name,Cornelius
name,Felix
name,Reuben
name,Wallace
name,Claud
name,Roscoe
name,Sylvester
name,Earnest
name,Hiram
name,Otis
name,Simon
name,Willard
name,Irvin
name,Mark
name,Jose
name,Wilbur
name,Abraham
name,Virgil
name,Clinton
name,Elbert
name,Leslie
name,Marshall
name,Owen
name,Wiley
name,Anton
name,Morris
name,Manuel
name,Phillip
name,Augustus
name,Emmett
name,Eli
name,Nicholas
name,Wilson
name,Alva
name,Harley
name,Newton
name,Timothy
name,Marvin
name,Ross
name,Curtis
name,Edmund
name,Jeff
name,Elias
name,Harrison
name,Stanley
name,Columbus
name,Lon
name,Ora
name,Ollie
name,Russell
name,Pearl
name,Solomon
name,Arch
name,Asa
name,Clayton
name,Enoch
name,Irving
name,Mathew
name,Nathaniel
name,Scott
name,Hubert
name,Lemuel
name,Andy
name,Ellis
name,Emanuel
name,Joshua
name,Millard
name,Vernon
name,Wade
name,Cyrus
name,Miles
name,Rudolph
name,Sherman
name,Austin
name,Bill
name,Chas
name,Lonnie
name,Monroe
name,Byron
name,Edd
name,Emery
name,Grant
name,Jerome
name,Max
name,Mose
name,Steve
name,Gordon
name,Abe
name,Pete
name,Chris
name,Clark
name,Gustave
name,Orville
name,Lorenzo
name,Bruce
name,Marcus
name,Preston
name,Bob
name,Dock
name,Donald
name,Jackson
name,Cecil
name,Barney
name,Delbert
name,Edmond
name,Anderson
name,Christian
name,Glenn
name,Jefferson
name,Luke
name,Neal
name,Burt
name,Ike
name,Myron
name,Tony
name,Conrad
name,Joel
name,Matt
name,Riley
name,Vincent
name,Emory
name,Isaiah
name,Nick
name,Ezra
name,Green
name,Juan
name,Clifton
name,Lucius
name,Porter
name,Arnold
name,Bud
name,Jeremiah
name,Taylor
name,Forrest
name,Roland
name,Spencer
name,Burton
name,Don
name,Emmet
name,Gustav
name,Louie
name,Morgan
name,Ned
name,Van
name,Ambrose
name,Chauncey
name,Elisha
name,Ferdinand
name,General
name,Julian
name,Kenneth
name,Mitchell
name,Allie
name,Josh
name,Judson
name,Lyman
name,Napoleon
name,Pedro
name,Berry
name,Dewitt
name,Ervin
name,Forest
name,Lynn
name,Pink
name,Ruben
name,Sanford
name,Ward
name,Douglas
name,Ole
name,Omer
name,Ulysses
name,Walker
name,Wilbert
name,Adelbert
name,Benjiman
name,Ivan
name,Jonas
name,Major
name,Abner
name,Archibald
name,Caleb
name,Clint
name,Dudley
name,Granville
name,King
name,Mary
name,Merton
name,Antonio
name,Bennie
name,Carroll
name,Freeman
name,Josiah
name,Milo
name,Royal
name,Dick
name,Earle
name,Elza
name,Emerson
name,Fletcher
name,Judge
name,Laurence
name,Neil
name,Roger
name,Seth
name,Glen
name,Hugo
name,Jimmie
name,Johnnie
name,Washington
name,Elwood
name,Gust
name,Harmon
name,Jordan
name,Simeon
name,Wayne
name,Wilber
name,Clem
name,Evan
name,Frederic
name,Irwin
name,Junius
name,Lafayette
name,Loren
name,Madison
name,Mason
name,Orval
name,Abram
name,Aubrey
name,Elliott
name,Hans
name,Karl
name,Minor
name,Wash
name,Wilfred
name,Allan
name,Alphonse
name,Dallas
name,Dee
name,Isiah
name,Jason
name,Johnny
name,Lawson
name,Lew
name,Micheal
name,Orin
name,Addison
name,Cal
name,Erastus
name,Francisco
name,Hardy
name,Lucien
name,Randolph
name,Stewart
name,Vern
name,Wilmer
name,Zack
name,Adrian
name,Alvah
name,Bertram
name,Clay
name,Ephraim
name,Fritz
name,Giles
name,Grover
name,Harris
name,Isom
name,Jesus
name,Johnie
name,Jonathan
name,Lucian
name,Malcolm
name,Merritt
name,Otho
name,Perley
name,Rolla
name,Sandy
name,Tomas
name,Wilford
name,Adolphus
name,Angus
name,Arther
name,Carlos
name,Cary
name,Cassius
name,Davis
name,Hamilton
name,Harve
name,Israel
name,Leander
name,Melville
name,Merle
name,Murray
name,Pleasant
name,Sterling
name,Steven
name,Axel
name,Boyd
name,Bryant
name,Clement
name,Erwin
name,Ezekiel
name,Foster
name,Frances
name,Geo
name,Houston
name,Issac
name,Jules
name,Larkin
name,Mat
name,Morton
name,Orlando
name,Pierce
name,Prince
name,Rollie
name,Rollin
name,Sim
name,Stuart
name,Wilburn
name,Bennett
name,Casper
name,Christ
name,Dell
name,Egbert
name,Elmo
name,Fay
name,Gabriel
name,Hector
name,Horatio
name,Lige
name,Saul
name,Smith
name,Squire
name,Tobe
name,Tommie
name,Wyatt
name,Alford
name,Alma
name,Alton
name,Andres
name,Burl
name,Cicero
name,Dean
name,Dorsey
name,Enos
name,Howell
name,Lou
name,Loyd
name,Mahlon
name,Nat
name,Omar
name,Oran
name,Parker
name,Raleigh
name,Reginald
name,Rubin
name,Seymour
name,Wm
name,Young
name,Benjamine
name,Carey
name,Carlton
name,Eldridge
name,Elzie
name,Garrett
name,Isham
name,Johnson
name,Larry
name,Logan
name,Merrill
name,Mont
name,Oren
name,Pierre
name,Rex
name,Rodney
name,Ted
name,Webster
name,West
name,Wheeler
name,Willam
name,Al
name,Aloysius
name,Alvie
name,Anna
name,Art
name,Augustine
name,Bailey
name,Benjaman
name,Beverly
name,Bishop
name,Clair
name,Cloyd
name,Coleman
name,Dana
name,Duncan
name,Dwight
name,Emile
name,Evert
name,Henderson
name,Hunter
name,Jean
name,Lem
name,Luis
name,Mathias
name,Maynard
name,Miguel
name,Mortimer
name,Nels
name,Norris
name,Pat
name,Phil
name,Rush
name,Santiago
name,Sol
name,Sydney
name,Thaddeus
name,Thornton
name,Tim
name,Travis
name,Truman
name,Watson
name,Webb
name,Wellington
name,Winfred
name,Wylie
name,Alec
name,Basil
name,Baxter
name,Bertrand
name,Buford
name,Burr
name,Cleveland
name,Colonel
name,Dempsey
name,Early
name,Ellsworth
name,Fate
name,Finley
name,Gabe
name,Garland
name,Gerald
name,Herschel
name,Hezekiah
name,Justus
name,Lindsey
name,Marcellus
name,Olaf
name,Olin
name,Pablo
name,Rolland
name,Turner
name,Verne
name,Volney
name,Williams
name,Almon
name,Alois
name,Alonza
name,Anson
name,Authur
name,Benton
name,Billie
name,Cornelious
name,Darius
name,Denis
name,Dillard
name,Doctor
name,Elvin
name,Emma
name,Eric
name,Evans
name,Gideon
name,Haywood
name,Hilliard
name,Hosea
name,Lincoln
name,Lonzo
name,Lucious
name,Lum
name,Malachi
name,Newt
name,Noel
name,Orie
name,Palmer
name,Pinkney
name,Shirley
name,Sumner
name,Terry
name,Urban
name,Uriah
name,Valentine
name,Waldo
name,Warner
name,Wong
name,Zeb
name,Abel
name,Alden
name,Archer
name,Avery
name,Carson
name,Cullen
name,Doc
name,Eben
name,Elige
name,Elizabeth
name,Elmore
name,Ernst
name,Finis
name,Freddie
name,Godfrey
name,Guss
name,Hamp
name,Hermann
name,Isadore
name,Isreal
name,Jones
name,June
name,Lacy
name,Lafe
name,Leland
name,Llewellyn
name,Ludwig
name,Manford
name,Maxwell
name,Minnie
name,Obie
name,Octave
name,Orrin
name,Ossie
name,Oswald
name,Park
name,Parley
name,Ramon
name,Rice
name,Stonewall
name,Theo
name,Tillman
name,Addie
name,Aron
name,Ashley
name,Bernhard
name,Bertie
name,Berton
name,Buster
name,Butler
name,Carleton
name,Carrie
name,Clara
name,Clarance
name,Clare
name,Crawford
name,Danial
name,Dayton
name,Dolphus
name,Elder
name,Ephriam
name,Fayette
name,Felipe
name,Fernando
name,Flem
name,Florence
name,Ford
name,Harlan
name,Hayes
name,Henery
name,Hoy
name,Huston
name,Ida
name,Ivory
name,Jonah
name,Justin
name,Lenard
name,Leopold
name,Lionel
name,Manley
name,Marquis
name,Marshal
name,Mart
name,Odie
name,Olen
name,Oral
name,Orley
name,Otha
name,Press
name,Price
name,Quincy
name,Randall
name,Rich
name,Richmond
name,Romeo
name,Russel
name,Rutherford
name,Shade
name,Shelby
name,Solon
name,Thurman
name,Tilden
name,Troy
name,Woodson
name,Worth
name,Aden
name,Alcide
name,Alf
name,Algie
name,Arlie
name,Bart
name,Bedford
name,Benito
name,Billy
name,Bird
name,Birt
name,Bruno
name,Burley
name,Chancy
name,Claus
name,Cliff
name,Clovis
name,Connie
name,Creed
name,Delos
name,Duke
name,Eber
name,Eligah
name,Elliot
name,Elton
name,Emmitt
name,Gene
name,Golden
name,Hal
name,Hardin
name,Harman
name,Hervey
name,Hollis
name,Ivey
name,Jennie
name,Len
name,Lindsay
name,Lonie
name,Lyle
name,Mac
name,Mal
name,Math
name,Miller
name,Orson
name,Osborne
name,Percival
name,Pleas
name,Ples
name,Rafael
name,Raoul
name,Roderick
name,Rose
name,Shelton
name,Sid
name,Theron
name,Tobias
name,Toney
name,Tyler
name,Vance
name,Vivian
name,Walton
name,Watt
name,Weaver
name,Wilton
name,Adolf
name,Albin
name,Albion
name,Allison
name,Alpha
name,Alpheus
name,Anastacio
name,Andre
name,Annie
name,Arlington
name,Armand
name,Asberry
name,Asbury
name,Asher
name,Augustin
name,Auther
name,Author
name,Ballard
name,Blas
name,Caesar
name,Candido
name,Cato
name,Clarke
name,Clemente
name,Colin
name,Commodore
name,Cora
name,Coy
name,Cruz
name,Curt
name,Damon
name,Davie
name,Delmar
name,Dexter
name,Dora
name,Doss
name,Drew
name,Edson
name,Elam
name,Elihu
name,Eliza
name,Elsie
name,Erie
name,Ernie
name,Ethel
name,Ferd
name,Friend
name,Garry
name,Gary
name,Grace
name,Gustaf
name,Hallie
name,Hampton
name,Harrie
name,Hattie
name,Hence
name,Hillard
name,Hollie
name,Holmes
name,Hope
name,Hyman
name,Ishmael
name,Jarrett
name,Jessee
name,Joeseph
name,Junious
name,Kirk
name,Levy
name,Mervin
name,Michel
name,Milford
name,Mitchel
name,Nellie
name,Noble
name,Obed
name,Oda
name,Orren
name,Ottis
name,Rafe
name,Redden
name,Reese
name,Rube
name,Ruby
name,Rupert
name,Salomon
name,Sammie
name,Sanders
name,Soloman
name,Stacy
name,Stanford
name,Stanton
name,Thad
name,Titus
name,Tracy
name,Vernie
name,Wendell
name,Wilhelm
name,Willian
name,Yee
name,Zeke
name,Ab
name,Abbott
name,Agustus
name,Albertus
name,Almer
name,Alphonso
name,Alvia
name,Artie
name,Arvid
name,Ashby
name,Augusta
name,Aurthur
name,Babe
name,Baldwin
name,Barnett
name,Bartholomew
name,Barton
name,Bernie
name,Blaine
name,Boston
name,Brad
name,Bradford
name,Bradley
name,Brooks
name,Buck
name,Budd
name,Ceylon
name,Chalmers
name,Chesley
name,Chin
name,Cleo
name,Crockett
name,Cyril
name,Daisy
name,Denver
name,Dow
name,Duff
name,Edie
name,Edith
name,Elick
name,Elie
name,Eliga
name,Eliseo
name,Elroy
name,Ely
name,Ennis
name,Enrique
name,Erasmus
name,Esau
name,Everette
name,Firman
name,Fleming
name,Flora
name,Gardner
name,Gee
name,Gorge
name,Gottlieb
name,Gregorio
name,Gregory
name,Gustavus
name,Halsey
name,Handy
name,Hardie
name,Harl
name,Hayden
name,Hays
name,Hermon
name,Hershel
name,Holly
name,Hosteen
name,Hoyt
name,Hudson
name,Huey
name,Humphrey
name,Hunt
name,Hyrum
name,Irven
name,Isam
name,Ivy
name,Jabez
name,Jewel
name,Jodie
name,Judd
name,Julious
name,Justice
name,Katherine
name,Kelly
name,Kit
name,Knute
name,Lavern
name,Lawyer
name,Layton
name,Brown
name,Newell
name,Carter
name,Lucas
name,Ransom
name,Bee
name,Meyer
name,Paris
name,Byrd
name,Deforest
name,Dolph
name,Harper
name,Jule
name,Lambert
name,Margaret
name,Ocie
name,Orange
name,Reece
name,Roe
name,Ambers
name,Bessie
name,Collins
name,Elbridge
name,Eldon
name,Elvis
name,Gaston
name,Guadalupe
name,Hartwell
name,Knox
name,Lue
name,Manning
name,Ola
name,Reed
name,Sampson
name,Samual
name,Thos
name,Todd
name,Tommy
name,Unknown
name,Wirt
name,Woodie
name,Alice
name,Alvis
name,Ammon
name,Boss
name,Cas
name,Cass
name,Chalmer
name,Denton
name,Elsworth
name,Erving
name,Fredric
name,Furman
name,Helen
name,Pearlie
name,Plummer
name,Presley
name,Rollo
name,Roswell
name,Ruffus
name,Sheldon
name,Tilman
name,York
name,Acie
name,Alfonso
name,Ashton
name,Burke
name,Cap
name,Casimiro
name,Collie
name,Curley
name,Dale
name,Dixon
name,Dominick
name,Garret
name,Gerrit
name,Griffin
name,Hall
name,Heber
name,Hurley
name,Isidore
name,Lorenza
name,Marian
name,Maud
name,Maude
name,Murphy
name,Obe
name,Orla
name,Orlo
name,Orrie
name,Sebastian
name,Starling
name,Tolbert
name,Whit
name,Adrien
name,Alto
name,Angelo
name,Antone
name,Arden
name,Atticus
name,Belton
name,Bertha
name,Blair
name,Burrell
name,Callie
name,Campbell
name,Champ
name,Coley
name,Conway
name,Craig
name,Dalton
name,Darrell
name,Darwin
name,Dennie
name,Ebb
name,Ebbie
name,Edna
name,Ellison
name,Elonzo
name,Emit
name,Emry
name,Ephram
name,Esequiel
name,Essie
name,Esta
name,Evertt
name,Garner
name,Garnett
name,Graham
name,Gregg
name,Halbert
name,Harvie
name,Harvy
name,Hubbard
name,Jared
name,Jere
name,Joesph
name,Johnathan
name,Juluis
name,Kirby
name,Kyle
name,Lane
name,Lawerence
name,Less
name,Linwood
name,Louise
name,Lowell
name,Loy
name,Lucy
name,Manly
name,Mannie
name,Marcel
name,Marius
name,Marrion
name,Mercer
name,Monte
name,Montgomery
name,Nolan
name,Okey
name,Page
name,Philo
name,Primus
name,Prosper
name,Pryor
name,Rene
name,Robin
name,Roll
name,Seward
name,Shannon
name,Talmage
name,Vaughn
name,Verner
name,Waverly
name,Weldon
name,Wells
name,Wiliam
name,Wing
name,Wood
name,Wright
name,Add
name,Adelard
name,Cleve
name,Linus
name,Martha
name,Reinhold
name,Junior
name,Ace
name,Armstead
name,Benedict
name,Brice
name,Gibson
name,May
name,Mills
name,Adolfo
name,Alanzo
name,Antoine
name,Ethan
name,Eustace
name,Ewing
name,Fernand
name,Fisher
name,Gail
name,Harland
name,Hilary
name,Hosie
name,Lemon
name,Lora
name,Marsh
name,Newman
name,Nickolas
name,Olie
name,Pearley
name,Roman
name,Rome
name,Rowland
name,Shelly
name,Vicente
name,Weston
name,Alan
name,Alberto
name,Alexis
name,Auguste
name,Bascom
name,Cameron
name,Camille
name,Clabe
name,Cooper
name,Domingo
name,Elwin
name,Emilio
name,French
name,Gerhard
name,Hansford
name,Jarvis
name,Jobe
name,Josephus
name,Landon
name,Lennie
name,Leonidas
name,Lesley
name,Lillian
name,Linn
name,Littleton
name,Lone
name,Margarito
name,Mattie
name,Melton
name,Ott
name,Randle
name,Seaborn
name,Severt
name,Steward
name,Sylvanus
name,Theadore
name,Theophile
name,Vester
name,Wenzel
name,Alby
name,Alcee
name,Almond
name,Alvy
name,Amon
name,Ansel
name,Bayard
name,Benny
name,Bluford
name,Booker
name,Burnett
name,Burney
name,Caswell
name,Claudie
name,Conley
name,Cortez
name,Dionicio
name,Donnie
name,Eldred
name,Ell
name,Ellery
name,Ellwood
name,Elva
name,Emmit
name,Erle
name,Essex
name,Ewell
name,Ewin
name,Fabian
name,Florencio
name,Fremont
name,Gaines
name,Garnet
name,Gaylord
name,German
name,Greene
name,Brady
name,Festus
name,Jewell
name,Odell
name,Rosco
name,Bernice
name,Chauncy
name,Delmer
name,Effie
name,Ellie
name,Jimmy
name,Lars
name,Milas
name,Miner
name,Rogers
name,Sarah
name,Wess
name,Woody
name,Bryan
name,Douglass
name,Hilton
name,Irvine
name,Isidor
name,Jeptha
name,Mabel
name,Malcom
name,Mell
name,Olof
name,Robt
name,Ronald
name,Simpson
name,Spurgeon
name,Tandy
name,Thurlow
name,Toy
name,Winston
name,Zeno
name,Alphonsus
name,Alvan
name,Amado
name,Ananias
name,Ancel
name,Atlas
name,Banks
name,Barry
name,Blake
name,Blanchard
name,Bose
name,Captain
name,Ceasar
name,Chance
name,Chancey
name,Charle
name,Clide
name,Dink
name,Ella
name,Emett
name,Erick
name,Estill
name,Fenton
name,Gale
name,Gay
name,Grove
name,Hanson
name,Harlie
name,Harlow
name,Haskell
name,Ingram
name,Iva
name,Jep
name,Joy
name,Lessie
name,Lillie
name,Linton
name,Linzy
name,Little
name,Loney
name,Loring
name,Lovie
name,Lute
name,Mace
name,Matthias
name,Meredith
name,Benjamen
name,Jens
name,Oakley
name,Whitney
name,Donaciano
name,Hayward
name,Loran
name,Love
name,Son
name,Tollie
name,Vollie
name,Bonnie
name,Catherine
name,Ebenezer
name,Ewald
name,Herb
name,Julia
name,Silvester
name,Stafford
name,Sullivan
name,Thurston
name,Wayman
name,Wes
name,Winnie
name,Burrel
name,Cleon
name,Dozier
name,Elden
name,Fulton
name,Helmer
name,Hill
name,Hjalmer
name,Ignatz
name,Kelley
name,Marlin
name,Moody
name,Myrtle
name,Namon
name,Odin
name,Odis
name,Oley
name,Osborn
name,Osie
name,Prentice
name,Purl
name,Roby
name,Shep
name,Simmie
name,Stanislaus
name,Vander
name,Zollie
name,Abb
name,Ah
name,Aleck
name,Beecher
name,Blain
name,Bowman
name,Bunk
name,Burgess
name,Carol
name,Charly
name,Clell
name,Cody
name,Lamar
name,Worley
name,Arley
name,Nicolas
name,Terence
name,Claire
name,Earley
name,Elzy
name,Fielding
name,Gertrude
name,Nora
name,Norton
name,Clemens
name,Earlie
name,Ellen
name,Epifanio
name,Glover
name,Lark
name,Laurance
name,Leigh
name,Braxton
name,Cleave
name,Colon
name,Constantine
name,Dominic
name,Emiliano
name,Fleet
name,Franklyn
name,Hobart
name,Josephine
name,Laverne
name,Lillard
name,Lim
name,Merlin
name,Milan
name,Nim
name,Norbert
name,North
name,Orland
name,Orvis
name,Reason
name,Rob
name,Virge
name,Zenas
name,Ada
name,Alejandro
name,Atha
name,Audie
name,Boyce
name,Brent
name,Burdette
name,Cash
name,Chase
name,Clive
name,Courtney
name,Cris
name,Dawson
name,Drury
name,Duane
name,Elon
name,Estevan
name,Fitzhugh
name,Fount
name,Gray
name,Terrence
name,Bartley
name,Shedrick
name,Dixie
name,Ignacio
name,Merl
name,Nehemiah
name,Norwood
name,Raphael
name,Reno
name,Rudy
name,Rueben
name,Sylvan
name,Virgle
name,Charls
name,Cole
name,Elby
name,Ferman
name,Fern
name,Florian
name,Fuller
name,Gorden
name,Gussie
name,Ham
name,Hazel
name,Ignatius
name,Joaquin
name,Lacey
name,Laurie
name,Lilburn
name,Lovell
name,Lovett
name,Malvin
name,Manson
name,Pratt
name,Reid
name,Ruffin
name,Tomie
name,Vince
name,Wayland
name,Acey
name,Alger
name,Algernon
name,Amasa
name,Amil
name,Barrett
name,Britt
name,Burns
name,Calhoun
name,Christy
name,Cletus
name,Colbert
name,Courtland
name,Myles
name,Irl
name,Benson
name,Norval
name,Armond
name,Frazier
name,Thompson
name,Alfredo
name,Grady
name,Lorenz
name,Peyton
name,Seldon
name,Ethelbert
name,Eva
name,Gilman
name,Henri
name,Iver
name,Laura
name,Leonce
name,Mamie
name,Orion
name,Ottie
name,Rudolf
name,Selmer
name,Shepherd
name,Yancy
name,Abbie
name,Agnes
name,Arnie
name,Arvin
name,Blanche
name,Bliss
name,Cassie
name,Dewey
name,Diego
name,Dorr
name,Edmon
name,Estes
name,Gilford
name,Graves
name,Hillery
name,Laurel
name,Carlisle
name,Hughie
name,Orvel
name,Angel
name,Horton
name,Lena
name,Marie
name,Waymon
name,Arno
name,Burnie
name,Elgie
name,Fannie
name,Felton
name,Keith
name,Maxie
name,Nils
name,Sie
name,Sonny
name,Vere
name,Virgie
name,Benjman
name,Bernardo
name,Casey
name,Celestino
name,Cephus
name,Della
name,Hart
name,Hillary
name,Hilmer
name,Holland
name,Jacques
name,Johny
name,Jordon
name,Julien
name,Julio
name,Kay
name,Le
name,Leeroy
name,Liston
name,Lott
name,Doyle
name,Gerard
name,Alfonzo
name,Carlie
name,Branch
name,Bush
name,Elgin
name,Federico
name,Franz
name,Governor
name,Maury
name,Nancy
name,Salvatore
name,Werner
name,Edw
name,Ernesto
name,Fed
name,Foy
name,Galen
name,Genie
name,Hjalmar
name,Lawton
name,Levin
name,Lish
name,Pascal
name,Posey
name,Redmond
name,Rosendo
name,Talmadge
name,Winford
name,Abie
name,Alta
name,Alver
name,Anatole
name,Bobbie
name,Boone
name,Buell
name,Claiborne
name,Loyal
name,Eduardo
name,Maggie
name,Needham
name,Mansfield
name,Ras
name,Guilford
name,Sing
name,Xavier
name,Charlton
name,Eula
name,Mckinley
name,Polk
name,Shellie
name,Bentley
name,Claudius
name,Conard
name,Cornell
name,Ester
name,Esther
name,Mae
name,Mildred
name,Neely
name,Owens
name,Rance
name,Red
name,Robbie
name,Sigurd
name,Teddy
name,Val
name,Almus
name,Sheridan
name,Lorin
name,Carmine
name,Jonnie
name,Kent
name,Murl
name,Ricardo
name,Wilfrid
name,Adlai
name,Buddie
name,Burk
name,Dessie
name,Edison
name,Gifford
name,Goldie
name,Hurbert
name,Iverson
name,Job
name,Leamon
name,Olive
name,Powell
name,Rexford
name,Roma
name,Romie
name,Vick
name,Waldemar
name,Zebulon
name,Alferd
name,Algot
name,Alphons
name,Audley
name,Barnard
name,Berkley
name,Bethel
name,Caroline
name,Corbett
name,Ruth
name,Fidel
name,Guillermo
name,Murry
name,Reubin
name,Rocco
name,Samson
name,Westley
name,Alba
name,Irene
name,Murdock
name,Nolen
name,Royce
name,Ruel
name,Willaim
name,Beryl
name,Beulah
name,Burleigh
name,Carrol
name,Con
name,Dillon
name,Ebert
name,Encarnacion
name,Cedric
name,Estel
name,Mayo
name,Shelley
name,Thorwald
name,Durward
name,Luster
name,Arnett
name,Aubra
name,Avon
name,Bolden
name,Dannie
name,Elex
name,Ferris
name,Jeffie
name,Lexie
name,Link
name,Moises
name,Myer
name,Carlyle
name,Arvel
name,Erby
name,Floy
name,Hughey
name,Ovid
name,Alston
name,Audrey
name,Buddy
name,Clemmie
name,Clemon
name,Dorothy
name,Einar
name,Gurney
name,Hebert
name,Hezzie
name,Kurt
name,Lois
name,Lula
name,Mearl
name,Oddie
name,Ramsey
name,Vinton
name,Zed
name,Audy
name,Barnie
name,Donat
name,Emmons
name,Erich
name,Esley
name,Eston
name,Roosevelt
name,Hartley
name,Jennings
name,Hobert
name,Montie
name,Rae
name,Arvil
name,Casimer
name,Elwyn
name,Evander
name,Gaither
name,Grafton
name,Guthrie
name,Jettie
name,Lannie
name,Lea
name,Moe
name,Nestor
name,Ovila
name,Reynold
name,Reynolds
name,Susie
name,TRUE
name,Alwin
name,Casimir
name,Vergil
name,Hazen
name,Sigmund
name,Saint
name,Silver
name,Eugenio
name,Lisle
name,Milburn
name,Carmen
name,Orris
name,Rayford
name,Raymon
name,Virgel
name,Aloys
name,Cam
name,Hale
name,Nile
name,Offie
name,Opal
name,Rosa
name,Wardell
name,Willy
name,Acy
name,Arthor
name,Boysie
name,Britton
name,Oris
name,Gladys
name,Georgia
name,Bryon
name,Elvie
name,Frankie
name,Mario
name,Pasquale
name,Rhoda
name,Rossie
name,Sherwood
name,Buel
name,Clearence
name,Dabney
name,Diamond
name,Dorris
name,Everet
name,Ezell
name,Hobson
name,Admiral
name,Shafter
name,Maceo
name,Schley
name,Ewart
name,Patsy
name,Arba
name,Orvil
name,Adams
name,Collier
name,Gayle
name,Gladstone
name,Hilario
name,Kathryn
name,Mickey
name,Odus
name,Vernal
name,Von
name,Haven
name,Williard
name,Stephan
name,Collis
name,Griffith
name,Jethro
name,Vic
name,Viola
name,Baker
name,Beatrice
name,Bynum
name,Colvin
name,Doris
name,Elizah
name,Eunice
name,Leighton
name,Linnie
name,Lizzie
name,Rosevelt
name,Farris
name,Lemmie
name,Estell
name,Goebel
name,Tallie
name,Arlo
name,Artis
name,Collin
name,Eddy
name,Hester
name,Lauren
name,Lupe
name,Ozie
name,Salvador
name,Santos
name,Schuyler
name,Arturo
name,Donovan
name,Kermit
name,Eino
name,Olan
name,Danny
name,Lola
name,Esco
name,Josef
name,Lance
name,Leona
name,Mathews
name,Ova
name,Pate
name,Regis
name,Rosario
name,Vito
name,Adron
name,Ancil
name,Arland
name,Buren
name,Erland
name,Johney
name,Clarnce
name,Garvin
name,Agustin
name,Nathen
name,Oneal
name,Verna
name,Victoriano
name,Doll
name,Georgie
name,Heyward
name,Ivor
name,Myrl
name,Beckham
name,Thedore
name,Thelma
name,Trinidad
name,Verl
name,Evelyn
name,Hershell
name,Marty
name,Roberto
name,Teddie
name,Terrell
name,Hilbert
name,Lenon
name,Lenord
name,Ozzie
name,Porfirio
name,Sammy
name,Rayfield
name,Waino
name,Clemence
name,Harm
name,Jamie
name,Vincenzo
name,Welton
name,Adrain
name,Arbie
name,Betty
name,Bobby
name,Desmond
name,Domenic
name,Duard
name,Raul
name,Severo
name,Tobie
name,Council
name,Domenick
name,Darrel
name,Graydon
name,Fredie
name,Eliot
name,Hoke
name,Pauline
name,Tyree
name,Arne
name,Bell
name,Carlo
name,Hansel
name,Jiles
name,Leonardo
name,Quentin
name,Toby
name,Verlin
name,Winthrop
name,Domenico
name,Harrold
name,Lucille
name,Ryan
name,Benard
name,Quinton
name,Rodolfo
name,Armando
name,Delmas
name,Denzil
name,Luciano
name,Lyndon
name,Vera
name,Taft
name,Delphin
name,Rodger
name,Woodrow
name,Burnice
name,Giovanni
name,Americo
name,Ardell
name,Delmus
name,Gilmer
name,Lucio
name,Mariano
name,Ogden
name,Oland
name,Prentiss
name,Samie
name,Hadley
name,Francesco
name,Toivo
name,Robley
name,Verle
name,Farrell
name,Nathanial
name,Reyes
name,Eleanor
name,Emmanuel
name,Esker
name,Florentino
name,Gaetano
name,Levie
name,Guido
name,Aurelio
name,Curtiss
name,Othel
name,Santo
name,Harrell
name,Lenwood
name,Leopoldo
name,Dante
name,Ann
name,Halley
name,Reino
name,Carmelo
name,Wyman
name,Silvio
name,Colie
name,Alfonse
name,Aldo
name,Amerigo
name,Enrico
name,Gasper
name,Attilio
name,Woodroe
name,Nunzio
name,Burnell
name,Erling
name,Gilberto
name,Glendon
name,Larue
name,Masao
name,Nevin
name,Armin
name,Tyrus
name,Kendall
name,Garold
name,Gennaro
name,Cosmo
name,Luigi
name,Hymen
name,Donato
name,Melbourne
name,Merwin
name,Winton
name,Gino
name,Glenwood
name,Geno
name,Glynn
name,Nello
name,Durwood
name,Gilmore
name,Saverio
name,Garth
name,Hiroshi
name,Arlin
name,Yoshio
name,Arvo
name,Deward
name,Hughes
name,Tatsuo
name,Jerald
name,Zigmund
name,Gerhardt
name,Lynwood
name,Berlin
name,Merlyn
name,Pershing
name,Hideo
name,Normand
name,Orvin
name,Joyce
name,Minoru
name,Foch
name,Bryce
name,Carmel
name,Marco
name,Winifred
name,Edsel
name,Quinten
name,Kiyoshi
name,Therman
name,Kazuo
name,Metro
name,Laddie
name,Harding
name,Kennith
name,Eloy
name,Daryl
name,Rayburn
name,Jon
name,Dewayne
name,Marcos
name,Kevin
name,Harden
name,Delton
name,Reynaldo
name,Donal
name,Toshio
name,Dwayne
name,Zane
name,Luverne
name,Jackie
name,Ramiro
name,Harlen
name,Deane
name,Dwain
name,Boris
name,Dorman
name,Coolidge
name,Refugio
name,Darold
name,Donn
name,Faustino
name,Brian
name,Melvyn
name,Esteban
name,Freddy
name,Virginia
name,Marlyn
name,Ken
name,Dwaine
name,Gearld
name,Valentino
name,Lindy
name,Lindbergh
name,Shoji
name,Denny
name,Gonzalo
name,Jorge
name,Jerrold
name,Akira
name,Maria
name,Hoover
name,Jerold
name,Arlen
name,Ronnie
name,Marcelino
name,Verlyn
name,Ismael
name,Fidencio
name,Dolores
name,Adan
name,Davey
name,Derald
name,Barbara
name,Humberto
name,Joan
name,Sherwin
name,Lavon
name,Duwayne
name,Genaro
name,Kenny
name,Rogelio
name,Rolf
name,Arnulfo
name,Gerry
name,Derl
name,Gerold
name,Arlan
name,Patricia
name,Dino
name,Wally
name,Mervyn
name,Allyn
name,Monty
name,Dickie
name,Jan
name,Arlis
name,Kaye
name,Kenton
name,Sherrill
name,Darl
name,Raymundo
name,Delano
name,Terrance
name,Ronny
name,Chuck
name,Orlin
name,Gloria
name,Darryl
name,Marc
name,Sal
name,Stan
name,Cordell
name,Darvin
name,Derrell
name,Jame
name,Jacky
name,Lanny
name,Ron
name,Marland
name,Arlyn
name,Jerrell
name,Jeffrey
name,Valentin
name,Kerry
name,Ferrell
name,Gaylon
name,Jerrel
name,Darwyn
name,Dwane
name,Randy
name,Ian
name,Delwin
name,Gustavo
name,Verlon
name,Vernell
name,Delma
name,Windell
name,Kim
name,Errol
name,Reggie
name,Geoffrey
name,Mel
name,Sergio
name,Del
name,Donnell
name,Tyrone
name,Sharon
name,Donny
name,Doug
name,Marilyn
name,Carolyn
name,Delvin
name,Janet
name,Levon
name,Ozell
name,Gaylen
name,Lamont
name,Tex
name,Lonny
name,Autry
name,Rondal
name,Randal
name,Dion
name,Greg
name,Sandra
name,Judith
name,Scotty
name,Ronal
name,Jeffery
name,Randell
name,Joey
name,Nicky
name,Leonel
name,Harlon
name,Lawrance
name,Linda
name,Barrie
name,Darnell
name,Isidro
name,Wilkie
name,Rick
name,Ricky
name,Donna
name,Janice
name,Javier
name,Wendel
name,Erik
name,Lindell
name,Judy
name,Jeffry
name,Karen
name,Brendan
name,Darell
name,Mcarthur
name,Macarthur
name,Rickey
name,Rod
name,Niles
name,Jeremy
name,Susan
name,Walt
name,Lary
name,Jaime
name,Noe
name,Rocky
name,Derek
name,Les
name,Terrill
name,Russ
name,Timmy
name,Butch
name,Sean
name,Linden
name,Roddy
name,Rickie
name,Lenny
name,Rusty
name,Dane
name,Geary
name,Eusebio
name,Garey
name,Lucky
name,Gerardo
name,Gil
name,Richie
name,Carnell
name,Chad
name,Hank
name,Dorian
name,Rolando
name,Kip
name,Mikel
name,Jonathon
name,Stevan
name,Kris
name,Jody
name,Lyn
name,Zachary
name,Brett
name,Patric
name,Rory
name,Rand
name,Robby
name,Cornel
name,Shawn
name,Skip
name,Randel
name,Jed
name,Dirk
name,Brock
name,Deryl
name,Stevie
name,Derrick
name,Jerel
name,Cesar
name,Baron
name,Kathleen
name,Stefan
name,Donell
name,Corey
name,Kelvin
name,Ezzard
name,Tod
name,Shaun
name,Brant
name,Scot
name,Efrain
name,Stacey
name,Brandon
name,Marlon
name,Jory
name,Layne
name,Danniel
name,Michial
name,Ritchie
name,Edwardo
name,Kimberly
name,Ricki
name,Kurtis
name,Cory
name,Deborah
name,Scottie
name,Erasmo
name,Rudolfo
name,Lex
name,Rodrick
name,Daryle
name,Greggory
name,Darren
name,Mikeal
name,Trent
name,Michal
name,Theodis
name,Damian
name,Kimball
name,Michale
name,Wilfredo
name,Shane
name,Robbin
name,Kraig
name,Kirt
name,Chip
name,Randolf
name,Bret
name,Antony
name,Bradly
name,Faron
name,Blaise
name,Alvaro
name,Ricci
name,Dusty
name,Debra
name,Rock
name,Keven
name,Gavin
name,Kevan
name,Blane
name,Demetrius
name,Rahn
name,Barron
name,Heriberto
name,Jude
name,Levern
name,Darcy
name,Micky
name,Kennard
name,Davy
name,Tad
name,Rhett
name,Ty
name,Mitch
name,Jefferey
name,Dann
name,Timmothy
name,Broderick
name,Derwin
name,Chet
name,Quintin
name,Timmie
name,Tab
name,Tracey
name,Jace
name,Kem
name,Brion
name,Andrea
name,Cynthia
name,Kennth
name,Renaldo
name,Desi
name,Renard
name,Trevor
name,Kenney
name,Brien
name,Cheyenne
name,Derick
name,Robb
name,Devin
name,Kerwin
name,Grayling
name,Quinn
name,Wayde
name,Maverick
name,Tobin
name,Kristopher
name,Keenan
name,Diane
name,Cheryl
name,Reinaldo
name,Jamey
name,Darrin
name,Flint
name,Darin
name,Daren
name,Efrem
name,Kieth
name,Micah
name,Andra
name,Chaim
name,Raynard
name,Leif
name,Kennedy
name,Lisa
name,Darrick
name,Darry
name,Roel
name,Darron
name,Darryle
name,Stephon
name,Darryll
name,Brenda
name,Devon
name,Arnoldo
name,Kory
name,Regan
name,Brook
name,Shayne
name,Lorne
name,Parrish
name,Drake
name,Norberto
name,Kalvin
name,Pernell
name,Markus
name,Thor
name,Osvaldo
name,Anibal
name,Daron
name,Deon
name,Edgardo
name,Geoff
name,Tammy
name,Jayson
name,Rodrigo
name,Tyron
name,Dwyane
name,Stoney
name,Tal
name,Jaimie
name,Trenton
name,Andreas
name,Vinson
name,Pamela
name,Erin
name,Mauricio
name,Rigoberto
name,Roderic
name,Destry
name,Deron
name,Fitzgerald
name,Quint
name,Kipp
name,Trey
name,Kendrick
name,Deric
name,Terance
name,Antonia
name,Shon
name,Daryn
name,Darien
name,Darryn
name,Trace
name,Darian
name,Dario
name,Chadwick
name,Brain
name,Reginal
name,Heath
name,Jarrod
name,Michelle
name,Illya
name,Brenton
name,Michele
name,Dylan
name,Efren
name,Arron
name,Tyson
name,Cedrick
name,Dereck
name,Brennan
name,Jerrod
name,Garrick
name,Jennifer
name,Angela
name,Claudio
name,Derik
name,Octavio
name,Alfie
name,Brendon
name,Kristian
name,Shad
name,Ariel
name,Liam
name,Tina
name,Beau
name,Giuseppe
name,Franco
name,Dustin
name,Jamal
name,Damien
name,Waylon
name,Colby
name,Damion
name,Brenden
name,Korey
name,Tye
name,Rico
name,Darby
name,Melissa
name,Anthoney
name,Jade
name,Lamonte
name,Shan
name,Johnathon
name,Tory
name,Trever
name,Lazaro
name,Jemal
name,Jamison
name,Aric
name,Ari
name,Donavan
name,Torrey
name,Torrance
name,Shanon
name,Chandler
name,Ali
name,Corwin
name,Amy
name,Jameson
name,Demetrios
name,Jasen
name,Davin
name,Cale
name,Jermaine
name,Malik
name,Jeromy
name,Jammie
name,Che
name,Bronson
name,Dax
name,Brandt
name,Kenyatta
name,Antione
name,Laron
name,Antwan
name,Branden
name,Dedric
name,Jayme
name,Kelsey
name,Torrence
name,Shea
name,Kenyon
name,Kristin
name,Shay
name,Corbin
name,Cristopher
name,Jeramy
name,Braden
name,Kenya
name,Dedrick
name,Tate
name,Germaine
name,Nigel
name,Jerod
name,Christoper
name,Chadd
name,Jarod
name,Tristan
name,Brannon
name,Jeremey
name,Deandre
name,Kiley
name,Donavon
name,Sedrick
name,Hassan
name,Jamel
name,Jeramie
name,Marcelo
name,Coby
name,Deshawn
name,Toriano
name,Kwame
name,Kasey
name,Demian
name,Kristofer
name,Paulo
name,Donte
name,Jarred
name,Demond
name,Kareem
name,Vidal
name,Zachariah
name,Jamar
name,Abdul
name,Jermain
name,Tremayne
name,Jeremie
name,Marlo
name,Lashawn
name,Brandy
name,Josue
name,Jabbar
name,Kristoffer
name,Diallo
name,Tito
name,Damond
name,Nicole
name,Dameon
name,Rahsaan
name,Nathanael
name,Abelardo
name,Cade
name,Vashon
name,Taurus
name,Chadrick
name,Tarik
name,Marcello
name,Dominique
name,Donta
name,Moshe
name,Zachery
name,Jevon
name,Stephanie
name,Nakia
name,Telly
name,Ahmad
name,Jamil
name,Toma
name,Trinity
name,Jereme
name,Dejuan
name,Jabari
name,Ahmed
name,Heather
name,Demarcus
name,Antwon
name,Jered
name,Rashad
name,Kristen
name,Mauro
name,Benji
name,Tavares
name,Marques
name,Rasheed
name,Jerad
name,Corry
name,Cristobal
name,Deangelo
name,Karim
name,Sharif
name,Demarco
name,Kareen
name,Rebecca
name,Raheem
name,Jamaal
name,Jovan
name,Seneca
name,Jermey
name,Torey
name,Hakim
name,Cortney
name,Jamin
name,Javon
name,Zackary
name,Ezequiel
name,Jerimy
name,Muhammad
name,Jameel
name,Brody
name,Jaron
name,Dimitrios
name,Taj
name,Tanner
name,Torry
name,Amir
name,Levar
name,Lavar
name,Kunta
name,Jedediah
name,Jerimiah
name,Kinte
name,Rashawn
name,Jeramiah
name,Jessica
name,Jedidiah
name,Amin
name,Rian
name,Conor
name,Lydell
name,Davon
name,Kaleb
name,Samir
name,Zackery
name,Khalid
name,Bo
name,Cristian
name,Demetric
name,Horacio
name,Anwar
name,Nicholaus
name,Kenji
name,Nikolas
name,Demario
name,Johnpaul
name,Nicklaus
name,Jarret
name,Kody
name,Antwain
name,Dequan
name,Lukas
name,Christina
name,Deshaun
name,Juston
name,Hasan
name,Jeb
name,Amanda
name,Andrae
name,Kendell
name,Tucker
name,Keon
name,Garett
name,Amit
name,Omari
name,Tyrell
name,Mohammad
name,Bryson
name,Tyrel
name,Tremaine
name,Jarrad
name,Rustin
name,Kai
name,Justen
name,Keegan
name,Chaz
name,Yoel
name,Jarad
name,Jessy
name,Bjorn
name,Brandan
name,Dustan
name,Isaias
name,Kellen
name,Skyler
name,Marchello
name,Mohammed
name,Johathan
name,Adalberto
name,Connor
name,Dontae
name,Taurean
name,Skylar
name,Mohamed
name,Colt
name,Kiel
name,Colton
name,Eliezer
name,Darrius
name,Tuan
name,Hung
name,Long
name,Lamarcus
name,Justine
name,Huy
name,Akeem
name,Cassidy
name,Devan
name,Martell
name,Remington
name,Jacoby
name,Jakob
name,Trumaine
name,Marquise
name,Deven
name,Crystal
name,Ryne
name,Coty
name,Grayson
name,Jerrad
name,Jarrell
name,Baby
name,Brandin
name,Alonso
name,Danielle
name,Tavon
name,Travon
name,Deonte
name,Rachel
name,Kameron
name,Tavaris
name,Tylor
name,Jairo
name,Durell
name,Durrell
name,Channing
name,Jaymes
name,Dakota
name,Keaton
name,Ulises
name,Brandyn
name,Mackenzie
name,Maximilian
name,Uriel
name,Terell
name,Kale
name,Dandre
name,Kolby
name,Joshuah
name,Martez
name,Rayshawn
name,Dangelo
name,Derrek
name,Cordero
name,Jayce
name,Yaakov
name,Kyler
name,Alexandro
name,Zechariah
name,Giancarlo
name,Garrison
name,Spenser
name,Austen
name,Payton
name,Kalen
name,Kane
name,Mychal
name,Conner
name,Cordaro
name,Dashawn
name,Holden
name,Octavius
name,Rashaad
name,Montrell
name,Jaren
name,Joseluis
name,Trevin
name,Brennen
name,Kegan
name,Camron
name,Colten
name,Codey
name,Arsenio
name,Jaquan
name,Geraldo
name,Kelby
name,Jamarcus
name,Marquez
name,Dominque
name,Brittany
name,Ridge
name,Mikhail
name,Brantley
name,Nico
name,Kade
name,Alexandre
name,Christop
name,Infant
name,Alexande
name,Hakeem
name,Kadeem
name,Gage
name,Khiry
name,Jasmine
name,Daquan
name,Niko
name,Rakeem
name,Nikko
name,Dionte
name,Samantha
name,Darion
name,Kendal
name,Kiara
name,Tiffany
name,Khalil
name,Najee
name,Ladarius
name,Stetson
name,Yosef
name,Trevon
name,Dimitri
name,Tevin
name,Denzel
name,Male
name,Laquan
name,Kiefer
name,Jorden
name,Ibrahim
name,Mykel
name,Kevon
name,Zakary
name,Aidan
name,Talon
name,Codie
name,Hernan
name,Camden
name,Deontae
name,Keenen
name,Misael
name,Devonte
name,Sage
name,Dillan
name,Gunnar
name,Shaquille
name,Dillion
name,Dylon
name,Storm
name,Domonique
name,Codi
name,Jaleel
name,Davion
name,Brayden
name,Denzell
name,Devante
name,Dijon
name,Keifer
name,Tariq
name,Babyboy
name,Sawyer
name,Desean
name,Deonta
name,Kolton
name,Justyn
name,Unnamed
name,Dejon
name,Bilal
name,Deante
name,Jalen
name,Tre
name,Davonte
name,Devonta
name,Javonte
name,Devontae
name,Deion
name,Demetri
name,Davante
name,Dyllan
name,Trae
name,Dondre
name,Tayler
name,Caden
name,Dakotah
name,Montel
name,Davonta
name,Dalvin
name,Tyshawn
name,Maximillian
name,Juwan
name,Tyquan
name,Kieran
name,Colter
name,Jaylen
name,Devyn
name,Savon
name,Deondre
name,Darrian
name,Dallin
name,Jordy
name,Mikal
name,Adonis
name,Kelton
name,Shaquan
name,Devaughn
name,Darrien
name,Austyn
name,Kaden
name,Darrion
name,Fredy
name,Montana
name,Kole
name,Syed
name,Demonte
name,Dakoda
name,Jaden
name,Keanu
name,Jaylon
name,Daulton
name,Shyheim
name,Markell
name,Menachem
name,Markel
name,Jayden
name,Khari
name,Trayvon
name,Gunner
name,Auston
name,Cain
name,Jaylin
name,River
name,Alek
name,Destin
name,Tyrin
name,Ryder
name,Armani
name,Kahlil
name,Bryton
name,Jonatan
name,Tristen
name,Triston
name,Raekwon
name,Tristin
name,Anfernee
name,Draven
name,Romello
name,Stone
name,Tristian
name,Easton
name,Treyvon
name,Aiden
name,Rashaan
name,Rohan
name,Killian
name,Phoenix
name,Greyson
name,Latrell
name,Brennon
name,Seamus
name,Isai
name,Branson
name,Damarcus
name,Mateo
name,Keshawn
name,Keyshawn
name,Trystan
name,Braeden
name,Brayan
name,Shamar
name,Keion
name,Raquan
name,Jair
name,Braydon
name,Shemar
name,Reilly
name,Reagan
name,Jaylan
name,Nasir
name,Abdullah
name,Dominik
name,Keagan
name,Kordell
name,Kobe
name,Gianni
name,Jaret
name,Koby
name,Nash
name,Rylan
name,Jaxon
name,Giovanny
name,Ronaldo
name,Coleton
name,Amari
name,Jarett
name,Keyon
name,Paxton
name,Landen
name,Raven
name,Jamari
name,Jovani
name,Jovanny
name,Keandre
name,Kenan
name,Jajuan
name,Ryley
name,Nikhil
name,Tyrese
name,Tyrek
name,Zion
name,Declan
name,Savion
name,Kamron
name,Jadon
name,Tyrique
name,Tahj
name,Tyriq
name,Tyreek
name,Izaiah
name,Tavian
name,Jacquez
name,Alessandro
name,Kyree
name,Tyrik
name,Jordi
name,Jalon
name,Mekhi
name,Jelani
name,Matteo
name,Johan
name,Hamza
name,Brycen
name,Jovany
name,Miguelangel
name,Jensen
name,Rahul
name,Christion
name,Judah
name,Konnor
name,Kylan
name,Jaiden
name,Tyreke
name,Cayden
name,Jett
name,Zaire
name,Jaydon
name,Korbin
name,Tyreese
name,Braedon
name,Jaxson
name,Xander
name,Camren
name,Semaj
name,Ean
name,Gaven
name,Karson
name,Trevion
name,Ayden
name,Rey
name,Tavion
name,Braiden
name,Kadin
name,Arman
name,Aditya
name,Rowan
name,Bridger
name,Kayden
name,Elian
name,Luca
name,Finn
name,Kaiden
name,Sincere
name,Maximus
name,Xzavier
name,Blaze
name,Gaige
name,London
name,Keshaun
name,Sabastian
name,Kavon
name,Kian
name,Brodie
name,Jaeden
name,Javion
name,Jamir
name,Maxim
name,Alexzander
name,Kamren
name,Zander
name,Dayne
name,Isaak
name,Jaheim
name,Jagger
name,Oswaldo
name,Ronan
name,Haden
name,Jadyn
name,Immanuel
name,Alijah
name,Jakobe
name,Imanol
name,Jordyn
name,Zain
name,Yusuf
name,Gavyn
name,Pranav
name,Yehuda
name,Daunte
name,Caiden
name,Arjun
name,Jahiem
name,Zavier
name,Mustafa
name,Rylee
name,Giovani
name,Jovanni
name,Omarion
name,Yahir
name,Amarion
name,Gael
name,Cael
name,Treyton
name,Aryan
name,Jaheem
name,Malakai
name,Javen
name,Lisandro
name,Santino
name,Adriel
name,Ethen
name,Luc
name,Maximo
name,Cason
name,Gannon
name,Jaquez
name,Bradyn
name,Jase
name,Zayne
name,Osbaldo
name,Maddox
name,Jamarion
name,Yair
name,Aydan
name,Konner
name,Damarion
name,Jahir
name,Enzo
name,Cannon
name,Kamari
name,Kaeden
name,Ryker
name,Soren
name,Mordechai
name,Cristofer
name,Ryland
name,Zaid
name,Arnav
name,Canyon
name,Kanye
name,Kyan
name,Cohen
name,Braylon
name,Davian
name,Jaidyn
name,Demarion
name,Landyn
name,Luka
name,Braulio
name,Andon
name,Aydin
name,Matias
name,Jaydin
name,Deacon
name,Teagan
name,Kamden
name,Malaki
name,Koda
name,Rhys
name,Haiden
name,Tayshaun
name,Jayvon
name,Trenten
name,Rishi
name,Kason
name,Talan
name,Amare
name,Makai
name,Braylen
name,Kadyn
name,Leandro
name,Aedan
name,Finnegan
name,Karter
name,Damari
name,Messiah
name,Makhi
name,Camryn
name,Gauge
name,Jax
name,Adin
name,Krish
name,Yandel
name,Beckett
name,Kael
name,Bode
name,Koen
name,Zayden
name,Santana
name,Landin
name,Talen
name,Kasen
name,Aidyn
name,Jasiah
name,Memphis
name,Kingston
name,Landan
name,Case
name,Coen
name,Izayah
name,Anders
name,Brogan
name,Madden
name,Slade
name,Kellan
name,Jaydan
name,Nery
name,Rayan
name,Dereon
name,Yael
name,Raiden
name,Nikolai
name,Yurem
name,Lyric
name,Kelan
name,Tegan
name,Kamryn
name,Jayvion
name,Ronin
name,Daxton
name,Aaden
name,Chace
name,Marley
name,Kash
name,Kymani
name,Ishaan
name,Jadiel
name,Urijah
name,Eden
name,Zaiden
name,Ayaan
name,Aarav
name,Tripp
name,Geovanni
name,Yadiel
name,Kyson
name,Callum
name,Deegan
name,Lennon
name,Abdiel
name,Carsen
name,Kolten
name,Stella
name,Sallie
name,Nettie
name,Etta
name,Harriet
name,Sadie
name,Katie
name,Lydia
name,Kate
name,Mollie
name,Lulu
name,Nannie
name,Lottie
name,Belle
name,Charlotte
name,Amelia
name,Hannah
name,Jane
name,Emily
name,Matilda
name,Henrietta
name,Sara
name,Estella
name,Theresa
name,Josie
name,Sophia
name,Anne
name,Delia
name,Louisa
name,Mayme
name,Estelle
name,Nina
name,Bettie
name,Luella
name,Inez
name,Lela
name,Rosie
name,Millie
name,Janie
name,Cornelia
name,Victoria
name,Celia
name,Christine
name,Birdie
name,Harriett
name,Mable
name,Myra
name,Sophie
name,Tillie
name,Isabel
name,Sylvia
name,Isabelle
name,Leila
name,Sally
name,Ina
name,Nell
name,Alberta
name,Katharine
name,Rena
name,Mina
name,Mathilda
name,Dollie
name,Hettie
name,Fanny
name,Lenora
name,Adelaide
name,Lelia
name,Nelle
name,Sue
name,Johanna
name,Lilly
name,Lucinda
name,Minerva
name,Lettie
name,Roxie
name,Helena
name,Hilda
name,Hulda
name,Genevieve
name,Cordelia
name,Jeanette
name,Adeline
name,Leah
name,Lura
name,Mittie
name,Isabella
name,Olga
name,Phoebe
name,Teresa
name,Lida
name,Lina
name,Marguerite
name,Claudia
name,Cecelia
name,Bess
name,Emilie
name,Rosetta
name,Myrtie
name,Cecilia
name,Olivia
name,Ophelia
name,Elnora
name,Violet
name,Adele
name,Lily
name,Loretta
name,Madge
name,Polly
name,Eugenia
name,Lucile
name,Mabelle
name,Rosalie
name,Kittie
name,Meta
name,Angie
name,Georgiana
name,Lila
name,Regina
name,Selma
name,Wilhelmina
name,Bridget
name,Lilla
name,Malinda
name,Vina
name,Freda
name,Gertie
name,Jeannette
name,Louella
name,Mandy
name,Roberta
name,Corinne
name,Lyda
name,Naomi
name,Norma
name,Margie
name,Nona
name,Zella
name,Dovie
name,Elvira
name,Erma
name,Irma
name,Leota
name,Blanch
name,Charity
name,Lorena
name,Lucretia
name,Orpha
name,Alvina
name,Annette
name,Catharine
name,Elma
name,Geneva
name,Leora
name,Lona
name,Miriam
name,Zora
name,Octavia
name,Sudie
name,Zula
name,Adella
name,Frieda
name,Joanna
name,Leonora
name,Priscilla
name,Tennie
name,Angeline
name,Docia
name,Ettie
name,Flossie
name,Hanna
name,Letha
name,Minta
name,Retta
name,Rosella
name,Adah
name,Berta
name,Elisabeth
name,Elise
name,Leola
name,Margret
name,Adaline
name,Idella
name,Juanita
name,Lenna
name,Lucie
name,Missouri
name,Nola
name,Zoe
name,Eda
name,Isabell
name,Julie
name,Letitia
name,Madeline
name,Malissa
name,Mariah
name,Pattie
name,Almeda
name,Aurelia
name,Dolly
name,Jannie
name,Kathrine
name,Lavinia
name,Marietta
name,Melvina
name,Ona
name,Pinkie
name,Susanna
name,Chloe
name,Elsa
name,Matie
name,Pearle
name,Vesta
name,Vinnie
name,Antoinette
name,Clementine
name,Edythe
name,Harriette
name,Libbie
name,Lilian
name,Lutie
name,Magdalena
name,Meda
name,Rita
name,Tena
name,Zelma
name,Adelia
name,Annetta
name,Dona
name,Elizebeth
name,Georgianna
name,Gracie
name,Iona
name,Leta
name,Liza
name,Mertie
name,Molly
name,Neva
name,Oma
name,Alida
name,Cecile
name,Ernestine
name,Evie
name,Helene
name,Minna
name,Myrta
name,Prudence
name,Queen
name,Rilla
name,Savannah
name,Tessie
name,Agatha
name,America
name,Anita
name,Arminta
name,Dorothea
name,Luvenia
name,Marjorie
name,Maybelle
name,Mellie
name,Nan
name,Velma
name,Constance
name,Ila
name,Iola
name,Louvenia
name,Lucia
name,Ludie
name,Luna
name,Metta
name,Phebe
name,Sophronia
name,Adda
name,Avis
name,Betsy
name,Cordie
name,Emmaline
name,Ethelyn
name,Hortense
name,Marcella
name,Melinda
name,Mona
name,Odessa
name,Veronica
name,Aimee
name,Annabel
name,Ava
name,Bella
name,Carolina
name,Cathrine
name,Christena
name,Dena
name,Eleanore
name,Elmira
name,Jenny
name,Kizzie
name,Loula
name,Magdalene
name,Mettie
name,Mintie
name,Peggy
name,Reba
name,Serena
name,Vida
name,Zada
name,Abigail
name,Celestine
name,Celina
name,Daisie
name,Dessa
name,Easter
name,Emelia
name,Emmie
name,Imogene
name,India
name,Jeanne
name,Lenore
name,Liddie
name,Lotta
name,Mame
name,Nevada
name,Rachael
name,Sina
name,Willa
name,Aline
name,Daisey
name,Dorcas
name,Edmonia
name,Effa
name,Eldora
name,Eloise
name,Emmer
name,Era
name,Gena
name,Iris
name,Izora
name,Lissie
name,Mallie
name,Malvina
name,Mathilde
name,Mazie
name,Queenie
name,Rosina
name,Salome
name,Theodora
name,Therese
name,Vena
name,Wanda
name,Wilda
name,Altha
name,Anastasia
name,Besse
name,Birtie
name,Clarissa
name,Delilah
name,Diana
name,Emelie
name,Erna
name,Florida
name,Frona
name,Hilma
name,Juliet
name,Leonie
name,Lugenia
name,Mammie
name,Manda
name,Manerva
name,Manie
name,Nella
name,Paulina
name,Philomena
name,Selina
name,Sena
name,Theodosia
name,Una
name,Adela
name,Althea
name,Amalia
name,Amber
name,Angelina
name,Annabelle
name,Anner
name,Arie
name,Clarice
name,Corda
name,Corrie
name,Dellar
name,Donie
name,Elda
name,Elinor
name,Emeline
name,Emilia
name,Etha
name,Indiana
name,Ione
name,Josiephine
name,Kitty
name,Lavina
name,Leda
name,Letta
name,Mahala
name,Marcia
name,Margarette
name,Maudie
name,Maye
name,Norah
name,Patty
name,Paula
name,Permelia
name,Rosalia
name,Roxanna
name,Sula
name,Vada
name,Winnifred
name,Adline
name,Almira
name,Alvena
name,Arizona
name,Becky
name,Bernadette
name,Cordia
name,Corine
name,Dicie
name,Dove
name,Drusilla
name,Elena
name,Elenora
name,Elmina
name,Ethyl
name,Evalyn
name,Evelina
name,Faye
name,Huldah
name,Idell
name,Inga
name,Irena
name,Kattie
name,Lavenia
name,Lovina
name,Lulie
name,Magnolia
name,Margeret
name,Margery
name,Media
name,Millicent
name,Nena
name,Orilla
name,Pansy
name,Rosia
name,Rowena
name,Tabitha
name,Verdie
name,Zetta
name,Zoa
name,Zona
name,Albertina
name,Albina
name,Alyce
name,Amie
name,Annis
name,Carra
name,Clarinda
name,Delphia
name,Dillie
name,Doshie
name,Drucilla
name,Etna
name,Eugenie
name,Eulalia
name,Eve
name,Felicia
name,Florance
name,Fronie
name,Geraldine
name,Gina
name,Glenna
name,Grayce
name,Hedwig
name,Jossie
name,Katheryn
name,Katy
name,Leanna
name,Leitha
name,Leone
name,Lidie
name,Loma
name,Lular
name,Magdalen
name,Maymie
name,Minervia
name,Muriel
name,Neppie
name,Onie
name,Osa
name,Otelia
name,Paralee
name,Patience
name,Rella
name,Rillie
name,Rosanna
name,Tilda
name,Tishie
name,Tressa
name,Viva
name,Yetta
name,Zena
name,Zola
name,Abby
name,Aileen
name,Alda
name,Alla
name,Alverta
name,Ara
name,Ardelia
name,Ardella
name,Arrie
name,Arvilla
name,Aurora
name,Bama
name,Bena
name,Calla
name,Camilla
name,Carlotta
name,Celestia
name,Cherry
name,Cinda
name,Classie
name,Claudine
name,Clemie
name,Clyda
name,Creola
name,Debbie
name,Dinah
name,Doshia
name,Ednah
name,Edyth
name,Eleanora
name,Electa
name,Eola
name,Eudora
name,Euphemia
name,Evalena
name,Evaline
name,Faith
name,Fidelia
name,Golda
name,Helma
name,Hermine
name,Hessie
name,Ivah
name,Janette
name,Jennette
name,Joella
name,Kathryne
name,Lanie
name,Lauretta
name,Leana
name,Leatha
name,Liller
name,Lillis
name,Louetta
name,Madie
name,Mai
name,Martina
name,Maryann
name,Melva
name,Mena
name,Mercedes
name,Mima
name,Minda
name,Monica
name,Nealie
name,Netta
name,Nolia
name,Nonie
name,Odelia
name,Ottilie
name,Phyllis
name,Sabina
name,Sada
name,Suzanne
name,Sybilla
name,Thea
name,Tressie
name,Vallie
name,Venie
name,Viney
name,Wilhelmine
name,Winona
name,Zelda
name,Zilpha
name,Adelle
name,Adina
name,Adrienne
name,Albertine
name,Alys
name,Ana
name,Araminta
name,Birtha
name,Bulah
name,Caddie
name,Celie
name,Charlotta
name,Concepcion
name,Cordella
name,Corrine
name,Delila
name,Delphine
name,Dosha
name,Elaine
name,Elisa
name,Ellar
name,Elmire
name,Elvina
name,Ena
name,Estie
name,Etter
name,Fronnie
name,Georgina
name,Gracia
name,Gwendolyn
name,Hassie
name,Honora
name,Icy
name,Isa
name,Isadora
name,Johannah
name,Juana
name,Junie
name,Lavonia
name,Lella
name,Lemma
name,Letty
name,Linna
name,Littie
name,Lollie
name,Lorene
name,Lovisa
name,Lucina
name,Madora
name,Mahalia
name,Manervia
name,Manuela
name,Margarett
name,Margaretta
name,Margarita
name,Marilla
name,Mignon
name,Mozella
name,Natalie
name,Nelia
name,Nolie
name,Omie
name,Ottilia
name,Parthenia
name,Penelope
name,Pinkey
name,Pollie
name,Rennie
name,Reta
name,Roena
name,Rosalee
name,Roseanna
name,Ruthie
name,Sabra
name,Sannie
name,Selena
name,Sibyl
name,Tella
name,Tempie
name,Tennessee
name,Teressa
name,Texas
name,Theda
name,Thursa
name,Ula
name,Vannie
name,Verona
name,Vertie
name,Wilma
name,Adell
name,Aggie
name,Alcie
name,Alfreda
name,Alicia
name,Allene
name,Almyra
name,Anastacia
name,Aria
name,Arminda
name,Aura
name,Avie
name,Berdie
name,Buena
name,Calista
name,Cammie
name,Cara
name,Celesta
name,Celeste
name,Chaney
name,Chanie
name,Charlottie
name,Chrissie
name,Christene
name,Christiana
name,Cleora
name,Clora
name,Coralie
name,Dayse
name,Delfina
name,Deliah
name,Delina
name,Delle
name,Dicy
name,Donia
name,Dulcie
name,Edwina
name,Ela
name,Eleonora
name,Elta
name,Elzada
name,Emaline
name,Eulah
name,Eulalie
name,Euna
name,Zadie
name,Eveline
name,Lelah
name,Nanie
name,Petra
name,Glennie
name,Juliette
name,Mercy
name,Miranda
name,Nana
name,Zilpah
name,Almedia
name,Byrdie
name,Claribel
name,Coral
name,Exie
name,Malissie
name,Myrtice
name,Narcissus
name,Rosamond
name,Theresia
name,Valeria
name,Vessie
name,Victorine
name,Arabella
name,Dottie
name,Flo
name,Fredericka
name,Gusta
name,Icie
name,Lillia
name,Lota
name,Nathalie
name,Nita
name,Ota
name,Ramona
name,Texie
name,Zillah
name,Aida
name,Arra
name,Belva
name,Biddie
name,Bula
name,Carry
name,Crete
name,Dossie
name,Evangeline
name,Flavia
name,Fleta
name,Fronia
name,Gillie
name,Jinnie
name,Katharina
name,Mirtie
name,Mora
name,Ninnie
name,Rettie
name,Rozella
name,Sofia
name,Sybil
name,Sylvania
name,Tilla
name,Ursula
name,Veda
name,Zaida
name,Zenobia
name,Aletha
name,Ason
name,Bina
name,Chloie
name,Christie
name,Corean
name,Corinna
name,Elodie
name,Epsie
name,Exa
name,Georgine
name,Gretta
name,Henriette
name,Jemima
name,Jo
name,Josefa
name,Juliana
name,Katharyn
name,Lavada
name,Leonore
name,Levina
name,Libby
name,Lilie
name,Louanna
name,Mabell
name,Madeleine
name,Marinda
name,Mila
name,Neta
name,Orlena
name,Ozella
name,Ressie
name,Rosena
name,Rosey
name,Senora
name,Siddie
name,Susana
name,Susanne
name,Texanna
name,Tiney
name,Tinie
name,Tiny
name,Achsah
name,Agness
name,Ala
name,Alabama
name,Alexina
name,Altie
name,Ama
name,Amalie
name,Amelie
name,Amey
name,Amma
name,Ammie
name,Anie
name,Annabell
name,Arta
name,Attie
name,Audra
name,Azzie
name,Cathryn
name,Cena
name,Chestina
name,Crissie
name,Cyntha
name,Daisye
name,Dellia
name,Delta
name,Dema
name,Dezzie
name,Dola
name,Dollye
name,Eithel
name,Elba
name,Elfrieda
name,Elna
name,Emogene
name,Enola
name,Verda
name,Gretchen
name,Hermina
name,Nelly
name,Eller
name,Hetty
name,Luetta
name,Pennie
name,Rosemary
name,Beckie
name,Buna
name,Caldonia
name,Candace
name,Edla
name,Florrie
name,Luisa
name,Myrtis
name,Trudie
name,Agusta
name,Alphonsine
name,Dellie
name,Delpha
name,Kathyrn
name,Loretto
name,Lucindy
name,Maybell
name,Odile
name,Orah
name,Prudie
name,Rhea
name,Rinda
name,Rosy
name,Roxy
name,Sarrah
name,Susannah
name,Tula
name,Alwina
name,Arah
name,Bernadine
name,Capitola
name,Cathern
name,Columbia
name,Eileen
name,Elizbeth
name,Eura
name,Hennie
name,Henretta
name,Ivie
name,Jeanie
name,Justina
name,Leaner
name,Leonia
name,Lorraine
name,Lucetta
name,Macie
name,Mahalie
name,Marry
name,Novella
name,Olevia
name,Phillis
name,Philomene
name,Salina
name,Sinda
name,Tinnie
name,Vashti
name,Vella
name,Veva
name,Vicy
name,Zita
name,Affie
name,Albertha
name,Anabel
name,Artelia
name,Barbra
name,Beaulah
name,Bertina
name,Birdella
name,Blossom
name,Carmela
name,Carolyne
name,Cilla
name,Denise
name,Dorthea
name,Eleonore
name,Fairy
name,Fannye
name,Franc
name,Francina
name,Francisca
name,Genevra
name,Helga
name,Iza
name,Jeanetta
name,Jeannie
name,Jerusha
name,Lisette
name,Loda
name,Luda
name,Lynda
name,Marget
name,Mariam
name,Modena
name,Nanna
name,Nelie
name,Olena
name,Lelar
name,Matilde
name,Simona
name,Thora
name,Angelita
name,Berenice
name,Dagmar
name,Dina
name,Ema
name,Florine
name,Loraine
name,Maida
name,Missie
name,Arline
name,Beatrix
name,Dorathea
name,Elenor
name,Gertha
name,Lesta
name,Rebekah
name,Almina
name,Arlena
name,Dot
name,Elfie
name,Ermine
name,Francisqui
name,Georgeanna
name,Glendora
name,Leontine
name,Leva
name,Litha
name,Luberta
name,Marianna
name,Parlee
name,Pearla
name,Sister
name,Thresa
name,Alene
name,Alverda
name,Antonette
name,Argie
name,Arkie
name,Arletta
name,Bea
name,Bettye
name,Cappie
name,Caro
name,Cloe
name,Corene
name,Deetta
name,Elberta
name,Ether
name,Felicie
name,Frederica
name,Hellen
name,Icey
name,Ines
name,Junia
name,Laney
name,Lassie
name,Lockie
name,Lossie
name,Lovey
name,Marianita
name,Mattye
name,Rubie
name,Milly
name,Pluma
name,Ruie
name,Vira
name,Cleva
name,Gennie
name,Sadye
name,Vennie
name,Zettie
name,Clevie
name,Ferne
name,Maebelle
name,Maxine
name,Pearly
name,Savanah
name,Savilla
name,Valerie
name,Violetta
name,Adelina
name,Alzina
name,Annice
name,Beda
name,Clarabelle
name,Fleda
name,Goldia
name,Laila
name,Leala
name,Lilah
name,Lyla
name,Naoma
name,Nealy
name,Olivine
name,Rutha
name,Sussie
name,Theodocia
name,Vassie
name,Zina
name,Aurore
name,Beth
name,Channie
name,Freida
name,Georganna
name,Izetta
name,Kathern
name,Lady
name,Lala
name,Lilia
name,Lurana
name,Mozelle
name,Norine
name,Oney
name,Clotilde
name,Nova
name,Myrna
name,Medora
name,Hildur
name,Imo
name,Ragna
name,Vinie
name,Emmy
name,Hildegarde
name,Octa
name,Aurilla
name,Beula
name,Lera
name,Macy
name,Margrett
name,Melina
name,Pheobe
name,Alvira
name,Clella
name,Cornie
name,Dorotha
name,Dorthy
name,Dosia
name,Enid
name,Essa
name,Evelena
name,Genoveva
name,Greta
name,Ica
name,Ilma
name,Lalla
name,Lana
name,Leonor
name,Lolla
name,Lorna
name,Vergie
name,Mossie
name,Manuelita
name,Oline
name,Ima
name,Janey
name,Villa
name,Clytie
name,Ermina
name,Hertha
name,Margaretha
name,Melanie
name,Metha
name,Pricilla
name,Sigrid
name,Thekla
name,Berniece
name,Betha
name,Florie
name,Hilah
name,Isla
name,Judie
name,Lethia
name,Louisiana
name,Rubye
name,Silvia
name,Zelpha
name,Alwilda
name,Angele
name,Verlie
name,Zelia
name,Gunda
name,Octavie
name,Orelia
name,Retha
name,Signe
name,Anice
name,Carlota
name,Lurline
name,Luz
name,Opha
name,Ura
name,Vicie
name,Alwine
name,Carmelita
name,Clemma
name,Elia
name,Eloisa
name,Eppie
name,Gustie
name,Hazle
name,Lu
name,Ebba
name,Margarete
name,Myrle
name,Nadine
name,Pallie
name,Betsey
name,Cleta
name,Filomena
name,Orra
name,Arlene
name,Margretta
name,Pairlee
name,Zana
name,Francies
name,Marjory
name,Roxana
name,Cressie
name,Erla
name,Herma
name,Oliva
name,Rosalind
name,Chessie
name,Daphne
name,Lulah
name,Marvel
name,Monnie
name,Noemie
name,Gregoria
name,Josefina
name,Fleeta
name,Madaline
name,Hildred
name,Sibbie
name,Verena
name,Bernardine
name,Gerda
name,Hazelle
name,Nobie
name,Reva
name,Vonnie
name,Ethie
name,Jessye
name,Jetta
name,Signa
name,Delcie
name,Hildegard
name,Treva
name,Violette
name,Sylva
name,Twila
name,Concetta
name,Idabelle
name,Lulla
name,Mira
name,Nila
name,Olar
name,Velva
name,Yvonne
name,Evia
name,Willia
name,Dortha
name,Else
name,Freeda
name,Versa
name,Ilah
name,Maurine
name,Vernice
name,Elmyra
name,Madelyn
name,Cannie
name,Carmella
name,Cliffie
name,Ever
name,Leafy
name,Olinda
name,Virdie
name,Allena
name,Clotilda
name,Elida
name,Elvera
name,Fae
name,Josefita
name,Lurena
name,Versie
name,Vivien
name,Melba
name,Alline
name,Elfreda
name,Verla
name,Ouida
name,Flonnie
name,Palma
name,Consuelo
name,Lorine
name,Venus
name,Hasel
name,Noma
name,Virgia
name,Alleen
name,Mavis
name,Nelda
name,Trilby
name,Adel
name,Buelah
name,Milda
name,Velda
name,Bernetta
name,Neoma
name,Gaynell
name,Laurette
name,Coletta
name,Zela
name,Zeta
name,Manila
name,Manilla
name,Cuba
name,Earline
name,Vlasta
name,Jacqueline
name,Onnie
name,Vara
name,Alena
name,Ilo
name,Imelda
name,Ardis
name,Delores
name,Irva
name,Gwen
name,Tomasa
name,Veta
name,Berneice
name,Lempi
name,Eathel
name,Marybelle
name,Chrystal
name,Elvia
name,Ilene
name,Margarite
name,Marianne
name,Odette
name,Antonina
name,Delsie
name,Portia
name,Reatha
name,Aleen
name,Almeta
name,Lilyan
name,Jaunita
name,Luvinia
name,Alvera
name,Allean
name,Dagny
name,Leoma
name,Oleta
name,Trula
name,Ethyle
name,Ingeborg
name,Jeane
name,Laurine
name,Lorean
name,Marge
name,Margueritta
name,Mozell
name,Norene
name,Oneta
name,Lolita
name,Elouise
name,Cathleen
name,Bette
name,Earnestine
name,Florene
name,Laverna
name,Rafaela
name,Thyra
name,Loyce
name,Cleda
name,Pearline
name,Ceola
name,Lavera
name,Marcelle
name,Romaine
name,Rosalyn
name,Augustina
name,Bonita
name,Dominga
name,Girtha
name,Isobel
name,Anona
name,Syble
name,Edris
name,Santa
name,Theola
name,Veola
name,Ceil
name,Madlyn
name,Vernia
name,Ellamae
name,Irine
name,Linnea
name,Madalyn
name,Roslyn
name,Edrie
name,Vincenza
name,Yolanda
name,Edra
name,Orma
name,Ilda
name,Ardath
name,Renee
name,Astrid
name,Beadie
name,Doretha
name,Neola
name,Vela
name,Wava
name,Evelyne
name,Dimple
name,Annamae
name,Elease
name,Williemae
name,Rosaline
name,Charline
name,Charlene
name,Joanne
name,Theta
name,Deloris
name,Maureen
name,Rosabelle
name,Gilda
name,Herminia
name,Afton
name,Margurite
name,Clydie
name,Izola
name,Rosemarie
name,Arnetta
name,Gladyce
name,Floretta
name,Merna
name,Nedra
name,Clementina
name,Launa
name,Sonia
name,Aili
name,Gladis
name,Alease
name,Madonna
name,Azalee
name,Colleen
name,Darlene
name,Macel
name,Cleola
name,Loree
name,Stephania
name,Joann
name,Antonetta
name,Arietta
name,Vivienne
name,Elinore
name,Benita
name,Glenda
name,Earlene
name,Arleen
name,Blanchie
name,Vilma
name,Erline
name,Felice
name,Georgette
name,Yvette
name,Assunta
name,Helyn
name,Lavonne
name,Audry
name,Dorathy
name,Stasia
name,Vita
name,Jayne
name,Maebell
name,Mafalda
name,Olympia
name,Masako
name,Stacia
name,Domenica
name,Ingrid
name,Wynona
name,Bernita
name,Carole
name,Elenore
name,Waneta
name,Esperanza
name,Madelene
name,Roselyn
name,Kathlyn
name,Ardith
name,Venita
name,Santina
name,Maryjane
name,Orene
name,Noreen
name,Antionette
name,Margot
name,Dawn
name,Lahoma
name,Alexandra
name,Maryellen
name,Ruthe
name,Cleone
name,Kathaleen
name,Aldona
name,Janis
name,Christeen
name,Dorine
name,Caryl
name,Francine
name,Rosaria
name,Erlene
name,Georgetta
name,Olene
name,Sheila
name,Georgene
name,Yoshiko
name,Delora
name,Lavelle
name,Idamae
name,Michelina
name,Catalina
name,Liberty
name,Victory
name,Beverley
name,Laurene
name,Marilynn
name,Jeraldine
name,Marylou
name,Jacquelyn
name,Oneida
name,Concha
name,Marina
name,Doreen
name,Haruko
name,Felipa
name,Socorro
name,Elois
name,Toshiko
name,Carlene
name,Fumiko
name,Soledad
name,Gearldine
name,Shirlee
name,Merry
name,Clarine
name,Lorayne
name,Marlene
name,Kiyoko
name,Elwanda
name,Elayne
name,Darline
name,Arlyne
name,Marlys
name,Mardell
name,Willene
name,Inell
name,Venice
name,Ofelia
name,Peggie
name,Beatriz
name,Rochelle
name,Leatrice
name,Billye
name,Darleen
name,Hortencia
name,Ethelene
name,Marylouise
name,Eris
name,Bettyjane
name,Penny
name,Dorene
name,Toni
name,Lynette
name,Vonda
name,Amparo
name,Bebe
name,Phylis
name,Bettylou
name,Wanita
name,Marceline
name,Vernelle
name,Ernestina
name,Doloris
name,Delois
name,Nanette
name,Ardelle
name,Natalia
name,Estela
name,Sherry
name,Twyla
name,Jacquelin
name,Enriqueta
name,Bobbye
name,Patti
name,Lorrayne
name,Janell
name,Ladonna
name,Nada
name,Carla
name,Evangelina
name,Willodean
name,Charleen
name,Coleen
name,Illa
name,Shirlie
name,Ailene
name,Erlinda
name,Lita
name,Marilou
name,Lawanda
name,Charmaine
name,Cherie
name,Sonya
name,Raquel
name,Hortensia
name,Valencia
name,Jocelyn
name,Kazuko
name,Joye
name,Lidia
name,Roseann
name,Earlean
name,Jeannine
name,Romona
name,Jeanine
name,Joline
name,Felicitas
name,Carma
name,Marva
name,Colette
name,Sondra
name,Marilee
name,Jolene
name,Jovita
name,Dorla
name,Dianne
name,Margy
name,Velia
name,Margene
name,Beverlee
name,Maryanne
name,Joycelyn
name,Merlene
name,Oralia
name,Sydell
name,Jill
name,Ardeth
name,Armida
name,Marylin
name,Sonja
name,Laquita
name,Julianne
name,Nannette
name,Margo
name,Claudette
name,Arla
name,Charlsie
name,Marylyn
name,Mitzi
name,Patrica
name,Eartha
name,Herlinda
name,Trudy
name,Verdell
name,Joretta
name,Marsha
name,Verlene
name,Lynne
name,Mariann
name,Joetta
name,Rosanne
name,Belia
name,Janelle
name,Merilyn
name,Ardyce
name,Rosita
name,Celine
name,Carleen
name,Carolee
name,Dian
name,Dorthey
name,Kathy
name,Marita
name,Thomasina
name,Marta
name,Thalia
name,Nira
name,Sharlene
name,Rheta
name,Jerrie
name,Ginger
name,Jacklyn
name,Elissa
name,Paulette
name,Monna
name,Joellen
name,Lavona
name,Bonny
name,Luanne
name,Saundra
name,Luann
name,Pearlene
name,Nancie
name,Shirlene
name,Marcelina
name,Vicki
name,Karol
name,Louann
name,Alison
name,Marylee
name,Sharron
name,Cathy
name,Darla
name,Norita
name,Gaye
name,Jeri
name,Loris
name,Shirleyann
name,Carolynn
name,Marla
name,Evonne
name,Darlyne
name,Vernetta
name,Rhonda
name,Shelba
name,Shelva
name,Deanna
name,Karla
name,Tanya
name,Annmarie
name,Wendy
name,Ruthann
name,Sherrie
name,Carolann
name,Evon
name,Sheryl
name,Jacquline
name,Karlene
name,Glennis
name,Karin
name,Marleen
name,Roxanne
name,Harlene
name,Annamarie
name,Jacque
name,Maralyn
name,Shari
name,Larae
name,Gayla
name,Deanne
name,Dianna
name,Simone
name,Leilani
name,Vickie
name,Diann
name,Karolyn
name,Deann
name,Noretta
name,Shelvia
name,Shelvie
name,Shelia
name,Janyce
name,Jonell
name,Marolyn
name,Mimi
name,Noreta
name,Roseanne
name,Lorelei
name,Vicky
name,Helaine
name,Maryjo
name,Deana
name,Janine
name,Ronda
name,Leanne
name,Cindy
name,Judi
name,Karel
name,Karon
name,Glynda
name,Tamara
name,Suzann
name,Fran
name,Nanci
name,April
name,Hedy
name,Mari
name,Jannette
name,Jerri
name,Heidi
name,Dotty
name,Suellen
name,Lonna
name,Kathie
name,Ilona
name,Laraine
name,Susann
name,Rona
name,Sharen
name,Lynnette
name,Scarlett
name,Belinda
name,Pam
name,Ruthanne
name,Juliann
name,Sherron
name,Donita
name,Georgiann
name,Jerilyn
name,Sharyn
name,Sherri
name,Suzan
name,Nyla
name,Trina
name,Judyth
name,Nikki
name,Sheri
name,Jana
name,Adrianne
name,Georgeann
name,Terri
name,Caren
name,Kristine
name,Geri
name,Jerilynn
name,Karan
name,Rosann
name,Cheri
name,Leann
name,Phyliss
name,Merrily
name,Melody
name,Kaaren
name,Cassandra
name,Aloma
name,Cathie
name,Sandi
name,Ronna
name,Karren
name,Jerrilyn
name,Sheron
name,Pauletta
name,Merrilee
name,Terrie
name,Tonya
name,Sunny
name,Karyn
name,Ginny
name,Charla
name,Tana
name,Charolette
name,Marcy
name,Cheryle
name,Kathi
name,Karyl
name,Candy
name,Sherryl
name,Luana
name,Rozanne
name,Carlyn
name,Jacquelynn
name,Caron
name,Suzette
name,Dorinda
name,Teri
name,Alana
name,Danna
name,Maribeth
name,Pamala
name,Rosalinda
name,Elyse
name,Pamella
name,Bobbi
name,Corliss
name,Cheryll
name,Graciela
name,Sherilyn
name,Deirdre
name,Gerri
name,Glinda
name,Mickie
name,Marybeth
name,Cherrie
name,Laureen
name,Patrice
name,Aleta
name,Candice
name,Kristina
name,Vickey
name,Nicki
name,Deena
name,Janeen
name,Meryl
name,Bettina
name,Robyn
name,Sharyl
name,Erica
name,Lani
name,Leslee
name,Deidre
name,Katrina
name,Kristi
name,Cherryl
name,Dayle
name,Randi
name,Lori
name,Jacalyn
name,Starr
name,Kendra
name,Suzanna
name,Debby
name,Valarie
name,Melodie
name,Annemarie
name,Michaele
name,Janna
name,Trudi
name,Sandie
name,Daria
name,Vikki
name,Rachelle
name,Tonia
name,Marcie
name,Candis
name,Shiela
name,Regenia
name,Debora
name,Maura
name,Caryn
name,Kristie
name,Lizabeth
name,Regena
name,Denice
name,Drema
name,Shirleen
name,Cathey
name,Cristina
name,Lyndia
name,Blanca
name,Fonda
name,Renae
name,Kathlene
name,Loreen
name,Shauna
name,Sharman
name,Valorie
name,Sanjuanita
name,Bethany
name,Christa
name,Sanjuana
name,Candyce
name,Lorrie
name,Tara
name,Pamelia
name,Kristy
name,Collette
name,Roxann
name,Debrah
name,Mindy
name,Krista
name,Leticia
name,Terese
name,Mara
name,Nicolette
name,Vanessa
name,Merrie
name,Debbra
name,Jenifer
name,Lourdes
name,Geralyn
name,Jaclyn
name,Sharleen
name,Lorie
name,Allyson
name,Angelia
name,Jann
name,Joleen
name,Christi
name,Esmeralda
name,Teena
name,Gwenda
name,Rhona
name,Brinda
name,Pandora
name,Jodi
name,Kimberley
name,Megan
name,Lauri
name,Paige
name,Deborrah
name,Joette
name,Lise
name,Jacqulyn
name,Milagros
name,Marlena
name,Roxane
name,Ellyn
name,Debera
name,Joni
name,Cindi
name,Tricia
name,Brooke
name,Doretta
name,Lorri
name,Danette
name,Marci
name,Alisa
name,Kari
name,Lesa
name,Francesca
name,Lanette
name,Sharla
name,Kimberlee
name,Zandra
name,Sheree
name,Sabrina
name,Valinda
name,Sherie
name,Joanie
name,Starla
name,Merri
name,Kerri
name,Leeann
name,Vernita
name,Cherri
name,Bambi
name,Renita
name,Janel
name,Desiree
name,Denese
name,Roni
name,Sheilah
name,Athena
name,Jeryl
name,Danita
name,Gisele
name,Sherree
name,Debi
name,Kandy
name,Felecia
name,Migdalia
name,Dayna
name,Debbi
name,Debroah
name,Jaye
name,Monique
name,Tami
name,Taryn
name,Lorinda
name,Moira
name,Melodee
name,Sheryll
name,Trena
name,Noemi
name,Leesa
name,Marisa
name,Dawna
name,Tracie
name,Dani
name,Sheena
name,Dara
name,Kelli
name,Shawna
name,Barb
name,Kathey
name,Kellie
name,Wendi
name,Gaylene
name,Liz
name,Jeanna
name,Kara
name,Leisa
name,Chandra
name,Dori
name,Jami
name,Meg
name,Maritza
name,Stacie
name,Glynis
name,Juli
name,Babette
name,Tammie
name,Tamera
name,Tamra
name,Traci
name,Tammi
name,Deb
name,Tamela
name,Cyndi
name,Gabrielle
name,Cathi
name,Erika
name,Candi
name,Jacki
name,Nilda
name,Keri
name,Sarita
name,Tia
name,Bridgette
name,Tamie
name,Brigitte
name,Suzy
name,Kirsten
name,Tambra
name,Missy
name,Gigi
name,Perri
name,Karrie
name,Lissa
name,Lanita
name,Suzie
name,Bev
name,Alyson
name,Tresa
name,Kandi
name,Bridgett
name,Cari
name,Tori
name,Alesia
name,Ivette
name,Kerrie
name,Renea
name,Angelica
name,Liane
name,Shelli
name,Lesia
name,Penni
name,Tonja
name,Keely
name,Melisa
name,Tari
name,Deedee
name,Kayla
name,Lisha
name,Misty
name,Deidra
name,Leisha
name,Elana
name,Adriana
name,Loriann
name,Tania
name,Dedra
name,Evette
name,Latanya
name,Fawn
name,Risa
name,Krystal
name,Deeann
name,Johnna
name,Velvet
name,Corina
name,Jeana
name,Angelique
name,Marnita
name,Jonna
name,Machelle
name,Maribel
name,Barbie
name,Loria
name,Gwyn
name,Shanna
name,Monika
name,Trisha
name,Alecia
name,Janene
name,Latonya
name,Staci
name,Stefanie
name,Melonie
name,Marisol
name,Aretha
name,Marti
name,Darci
name,Adriene
name,Dawne
name,Charisse
name,Shirl
name,Lesli
name,Jena
name,Brigette
name,Tamala
name,Shana
name,Delisa
name,Maricela
name,Alyssa
name,Michell
name,Tonda
name,Richelle
name,Jeanmarie
name,Marissa
name,Melony
name,Deneen
name,Mia
name,Kecia
name,Djuna
name,Djuana
name,Noelle
name,Renata
name,Tessa
name,Anjanette
name,Denine
name,Daneen
name,Holli
name,Kimberli
name,Linette
name,Christal
name,Alisha
name,Elaina
name,Karri
name,Delinda
name,Tyra
name,Tawana
name,Marnie
name,Dionne
name,Kimberlie
name,Gabriela
name,Casandra
name,Marni
name,Tangela
name,Kimberely
name,Shanda
name,Demetria
name,Lavonda
name,Natasha
name,Mechelle
name,Shonda
name,Yolonda
name,Brigid
name,Julianna
name,Carin
name,Keli
name,Gia
name,Latricia
name,Lizette
name,Cristine
name,Bethann
name,Tabatha
name,Joelle
name,Lara
name,Sonji
name,Tamatha
name,Tasha
name,Tatia
name,Gidget
name,Latonia
name,Brandi
name,Nichole
name,Alissa
name,Demetra
name,Joell
name,Inger
name,Caprice
name,Denita
name,Mellissa
name,Lia
name,Catrina
name,Milissa
name,Sunday
name,Meghan
name,Andria
name,Nichelle
name,Cami
name,Anissa
name,Josette
name,Lissette
name,Adriane
name,Windy
name,Kami
name,Buffy
name,Karie
name,Keisha
name,Wende
name,Tawnya
name,Danelle
name,Misti
name,Tisha
name,Larissa
name,Darcie
name,Mayra
name,Sebrina
name,Ericka
name,Towanda
name,Michaela
name,Cristy
name,Cherise
name,Tanja
name,Carie
name,Carri
name,Tiffani
name,Coretta
name,Tamiko
name,Tamika
name,Chantel
name,Shannan
name,Kristal
name,Davina
name,Kirstin
name,Latrice
name,Jolie
name,Cristi
name,Cori
name,Araceli
name,Stephenie
name,Melissia
name,Chantal
name,Corrina
name,Gillian
name,Rolanda
name,Nicola
name,Kellee
name,Shani
name,Chanda
name,Cinnamon
name,Chelsea
name,Ami
name,Racquel
name,Nicolle
name,Autumn
name,Kisha
name,Latasha
name,Shonna
name,Christin
name,Latisha
name,Dione
name,Jada
name,Kyra
name,Mindi
name,Shona
name,Mellisa
name,Christen
name,Alexandria
name,Sharonda
name,Julissa
name,Karina
name,Kira
name,Tawanda
name,Marisela
name,Terra
name,Lashonda
name,Tera
name,Toya
name,Carissa
name,Stefani
name,Kesha
name,Tisa
name,Maya
name,Angella
name,Tiffanie
name,Trista
name,Raina
name,Crista
name,Kristan
name,Tawanna
name,Niki
name,Serina
name,Shawnda
name,Tosha
name,Christel
name,Tracee
name,Dyan
name,Tanisha
name,Chantelle
name,Stephany
name,Treena
name,Yesenia
name,Candida
name,Tarsha
name,Tameka
name,Ayanna
name,Jenni
name,Brandie
name,Shantel
name,Ebony
name,Shayla
name,Kia
name,Alysia
name,Summer
name,Jenna
name,Latoya
name,Cristal
name,Shanta
name,Shalonda
name,Angelic
name,Brenna
name,Alycia
name,Damaris
name,Consuela
name,Lashanda
name,Adria
name,Lasonya
name,Shara
name,Katina
name,Catina
name,Cher
name,Lakisha
name,Chastity
name,Nikole
name,Contina
name,Chiquita
name,Chasity
name,Nichol
name,Brandee
name,Camisha
name,Lakesha
name,Anika
name,Cherilyn
name,Alejandra
name,Lakeisha
name,Latosha
name,Keena
name,Sasha
name,Nikita
name,Cristin
name,Rocio
name,Tomika
name,Tomeka
name,Racheal
name,Griselda
name,Keesha
name,Liliana
name,Stephaine
name,Bree
name,Latrina
name,Felisha
name,Layla
name,Celena
name,Jenniffer
name,Rebeca
name,Sherita
name,Kori
name,Alethea
name,Carly
name,Aisha
name,Cicely
name,Anitra
name,Bianca
name,Vonetta
name,Latarsha
name,Nyree
name,Alexa
name,Fatima
name,Keshia
name,Daniela
name,Danyelle
name,Mendy
name,Charissa
name,Shantell
name,Marquita
name,Briana
name,Chanel
name,Danyell
name,Sunshine
name,Nia
name,Nikia
name,Jamila
name,Tanika
name,Brande
name,Meagan
name,Jasmin
name,Maranda
name,Lakeshia
name,Kyla
name,Syreeta
name,Luciana
name,Tobi
name,Alanna
name,Mistie
name,Tamica
name,Carisa
name,Cherish
name,Cecily
name,Haley
name,Mandi
name,Daniele
name,Tamisha
name,Tanesha
name,Danyel
name,Gabriella
name,Tiana
name,Mandie
name,Harmony
name,Shameka
name,Spring
name,Destiny
name,Nakisha
name,Tamekia
name,Ayana
name,Rashida
name,Yadira
name,Alesha
name,Kacey
name,Shawanda
name,Shamika
name,Takisha
name,Pepper
name,Kandice
name,Alina
name,Meggan
name,Farrah
name,Tennille
name,Nadia
name,Rhiannon
name,Jillian
name,January
name,Khalilah
name,Janae
name,Jaimee
name,Farah
name,Chana
name,Sommer
name,Shayna
name,Shasta
name,Torrie
name,Ashlee
name,Carina
name,Chaka
name,Trish
name,Rayna
name,Brianna
name,Eboni
name,Kenisha
name,Caitlin
name,Latoria
name,Torie
name,Venessa
name,Shanika
name,Shandra
name,Kizzy
name,Qiana
name,Talia
name,Hayley
name,Shawnte
name,Shante
name,Salena
name,Liana
name,Quiana
name,Kamilah
name,Shalon
name,Latesha
name,Iesha
name,Brittney
name,Danica
name,Jenelle
name,Yasmin
name,Lashunda
name,Malia
name,Adrianna
name,Tarah
name,Tenisha
name,Shawnna
name,Chante
name,Karissa
name,Corie
name,Chrissy
name,Kylie
name,Aja
name,Meghann
name,Crissy
name,Meaghan
name,Shavon
name,Brianne
name,Krissy
name,Shavonne
name,Lacie
name,Shanita
name,Desirae
name,Abbey
name,Lyndsey
name,Shaunna
name,Marlana
name,Ariane
name,Kylee
name,Sierra
name,Leia
name,Natosha
name,Ariana
name,Somer
name,Ashleigh
name,Star
name,Alaina
name,Casie
name,Kindra
name,Precious
name,Kiana
name,Winter
name,Viviana
name,Breanne
name,Siobhan
name,Maren
name,Kylene
name,Breanna
name,Ashanti
name,Asia
name,Lyndsay
name,Sharee
name,Kacy
name,Princess
name,Ayesha
name,Rikki
name,Lynsey
name,Shaneka
name,Linsey
name,Loni
name,Perla
name,Kristyn
name,Anya
name,Mariana
name,Renada
name,Kacie
name,Britney
name,Reyna
name,Chimere
name,Kaci
name,Brynn
name,Laci
name,Tai
name,Ashlie
name,Jessi
name,Tatiana
name,Kati
name,Krystle
name,Tierra
name,Tiara
name,Fallon
name,Evita
name,Kaitlin
name,Martine
name,Kassandra
name,Jesica
name,Alexia
name,Toccara
name,Latoyia
name,Tashina
name,Chaya
name,Joi
name,Daniella
name,Katelyn
name,Kandace
name,Shanell
name,Kourtney
name,Nereida
name,Jazmin
name,Chelsey
name,Kaleena
name,Kala
name,Kassie
name,Jenilee
name,Emilee
name,Cassondra
name,Shaina
name,Shakira
name,Ciara
name,Hailey
name,Kali
name,Shena
name,Falon
name,Tawny
name,Arielle
name,Ashly
name,Chelsie
name,Tenika
name,Sharita
name,Cristen
name,Tabetha
name,Krysta
name,Carley
name,Arianna
name,Mallory
name,Kaitlyn
name,Ciji
name,Ashely
name,Giselle
name,Tess
name,Maegan
name,Echo
name,Dwan
name,Britni
name,Ashli
name,Paola
name,Ashlea
name,Caitlyn
name,Tyesha
name,Maira
name,Brittani
name,Tasia
name,Grisel
name,Kaylee
name,Shenna
name,Teela
name,Savanna
name,Breann
name,Mckenzie
name,Janessa
name,Kasandra
name,Markita
name,Karly
name,Magen
name,Dannielle
name,Cierra
name,Sade
name,Krystina
name,Micaela
name,Ciera
name,Brittni
name,Kayleigh
name,Britany
name,Alyse
name,Deandra
name,Brittny
name,Kaley
name,Alysha
name,Jazmine
name,Shaquita
name,Krysten
name,Brittanie
name,Krystin
name,Magan
name,Katelin
name,Violeta
name,Kasie
name,Jessika
name,Kelsie
name,Mariel
name,Shira
name,Jaqueline
name,Amberly
name,Samatha
name,Eliana
name,Kaleigh
name,Nakita
name,Phylicia
name,Brittaney
name,Katlyn
name,Shardae
name,Jerrica
name,Porsha
name,Britta
name,Sharde
name,Cherrelle
name,Katelynn
name,Mallorie
name,Cherelle
name,Malorie
name,Sable
name,Kaila
name,Ashlyn
name,Shanae
name,Sharday
name,Fabiola
name,Iliana
name,Kyrie
name,Leandra
name,Shatara
name,Kortney
name,Janay
name,Ayla
name,Cayla
name,Yessenia
name,Skye
name,Kelsi
name,Jerica
name,Tiera
name,Jesenia
name,Kaela
name,Karli
name,Porsche
name,Kalyn
name,Chanelle
name,Alessandra
name,Lakendra
name,Lauryn
name,Kaycee
name,Kailey
name,Denisse
name,Jessenia
name,Anjelica
name,Sarai
name,Tianna
name,Kaylin
name,Kaylyn
name,Denisha
name,Stephani
name,Kaylie
name,Danae
name,Shanice
name,Jaleesa
name,Jalisa
name,Whitley
name,Deja
name,Taja
name,Chelsi
name,Genesis
name,Katlin
name,Kimber
name,Brittnee
name,Kierra
name,Alexandrea
name,Anais
name,Allyssa
name,Kiersten
name,Breana
name,Diandra
name,Sarina
name,Lizbeth
name,Kiera
name,Katarina
name,Jalissa
name,Hali
name,Carli
name,Tiarra
name,Grecia
name,Moriah
name,Kaitlynn
name,Brittnie
name,Flor
name,Elizabet
name,Alexandr
name,Britny
name,Katherin
name,Mikayla
name,Audrianna
name,Kirstie
name,Asha
name,Kallie
name,Kelsea
name,Bryanna
name,Audriana
name,Danika
name,Gianna
name,Makayla
name,Martika
name,Mikaela
name,Destinee
name,Brittnay
name,Yajaira
name,Yasmine
name,Shaniqua
name,Shanelle
name,Lizeth
name,Joana
name,Ryann
name,Isamar
name,Latifah
name,Kanisha
name,Rubi
name,Mariela
name,Symone
name,Ivana
name,Heaven
name,Lucero
name,Shelbi
name,Alysa
name,Dulce
name,Brooklyn
name,Nataly
name,Imani
name,Kalie
name,Alannah
name,Fiona
name,Kanesha
name,Laken
name,Haleigh
name,Eryn
name,Elyssa
name,Shelbie
name,Demi
name,Ieshia
name,Makenzie
name,Shanequa
name,Karlee
name,Haylee
name,Cheyanne
name,Estefania
name,Halie
name,Chynna
name,Karlie
name,Stormy
name,Delaney
name,Carlee
name,Kailee
name,Alayna
name,Mckenna
name,Shaquana
name,Tiesha
name,Brielle
name,Marcela
name,Myranda
name,Miriah
name,Alexus
name,Kelcie
name,Emerald
name,Giovanna
name,Bryana
name,China
name,Essence
name,Bria
name,Aracely
name,Aubree
name,Chelsy
name,Miesha
name,Cinthia
name,Brianda
name,Hailee
name,Karley
name,Ashlynn
name,Macey
name,Tatyana
name,Shawnee
name,Brea
name,Joselyn
name,Ivonne
name,Katerina
name,Marlee
name,Breonna
name,Shaniece
name,Kaylynn
name,Kinsey
name,Kenia
name,Destini
name,Kayley
name,Lexus
name,Selene
name,Yaritza
name,Khadijah
name,Kadijah
name,Halle
name,Brionna
name,Destiney
name,Jazmyn
name,Yazmin
name,Itzel
name,Kassidy
name,Coraima
name,Shannen
name,Kailyn
name,Kalene
name,Katlynn
name,Lexi
name,Deyanira
name,Yasmeen
name,Shyanne
name,Viridiana
name,Kaylene
name,Crysta
name,Reina
name,Alondra
name,Kayli
name,Nayeli
name,Jasmyn
name,Aspen
name,Jasmyne
name,Paloma
name,Eleni
name,Hana
name,Aaliyah
name,Aliyah
name,Dalia
name,Zhane
name,Mckayla
name,Clarisa
name,Mikala
name,Dayana
name,Maddison
name,Kianna
name,Kenzie
name,Bailee
name,Sydnee
name,Haylie
name,Nohely
name,Makenna
name,Vanesa
name,Cydney
name,Aleah
name,Shyann
name,Valentina
name,Caitlynn
name,Tatum
name,Adilene
name,Isis
name,Tatianna
name,Baylee
name,Shania
name,Jocelyne
name,Daisha
name,Kaelyn
name,Jayla
name,Dasia
name,Emely
name,Sydni
name,Abbigail
name,Miracle
name,Zoey
name,Unique
name,Iridian
name,Brooklynn
name,Alia
name,Keanna
name,Alivia
name,Daija
name,Sydnie
name,Fernanda
name,Daja
name,Lesly
name,Annika
name,Kyleigh
name,Sienna
name,Ciarra
name,Maci
name,Destany
name,Tamia
name,Moesha
name,Odalys
name,Yamilex
name,Zaria
name,Mireya
name,Alize
name,Xena
name,Dania
name,Katia
name,Maia
name,Amani
name,Shianne
name,Madisen
name,Odalis
name,Kaylah
name,Sarahi
name,Jailene
name,Jazlyn
name,Alyssia
name,Chyna
name,Estefany
name,Ansley
name,Madyson
name,Jaycie
name,Jacey
name,Lexis
name,Daijah
name,Joslyn
name,Dejah
name,Yulissa
name,Anahi
name,Aylin
name,Julisa
name,Salma
name,Madisyn
name,Erykah
name,Gisselle
name,Raegan
name,Tea
name,Estrella
name,Jayda
name,Rylie
name,Makala
name,Taya
name,Kaylan
name,Camila
name,Annalise
name,Jazmyne
name,Keeley
name,Shaylee
name,Savana
name,Madelynn
name,Micayla
name,Maeve
name,Nautica
name,Cali
name,Serenity
name,Yulisa
name,Baylie
name,Samara
name,Mya
name,Ally
name,Myah
name,Reanna
name,Madilyn
name,Felicity
name,Ireland
name,Skyla
name,Willow
name,Jaida
name,Abigayle
name,Jaelyn
name,Rhianna
name,Amira
name,Shae
name,Zoie
name,Caleigh
name,Abril
name,Deasia
name,Kaylen
name,Tayla
name,Alexys
name,Jaycee
name,Jayde
name,Kennedi
name,Amaya
name,Piper
name,Aniya
name,Noelia
name,Kiarra
name,Shaniya
name,Keara
name,Emmalee
name,Aiyana
name,Miya
name,Jalyn
name,Nyasia
name,Aniyah
name,Jaylene
name,Kyara
name,Citlalli
name,Abigale
name,Isabela
name,Tatyanna
name,Journey
name,Ryleigh
name,Aliya
name,Sky
name,Shyla
name,Bryn
name,Abagail
name,Izabella
name,Nya
name,Saige
name,Jakayla
name,Litzy
name,Brisa
name,Amya
name,Jackeline
name,Kaya
name,Jaquelin
name,Hailie
name,Nyah
name,Amara
name,Dariana
name,Yamilet
name,Monserrat
name,Cielo
name,Aryanna
name,Anaya
name,Arely
name,Kaia
name,Maryam
name,Anjali
name,Lilliana
name,Amiya
name,Belen
name,Aliza
name,Keira
name,Janiya
name,Ashtyn
name,Neha
name,Laisha
name,Amina
name,Jailyn
name,Kenna
name,Iyana
name,Maiya
name,Marlen
name,Nevaeh
name,Ainsley
name,Yuliana
name,Beyonce
name,Nayely
name,Johana
name,Nallely
name,Kaiya
name,Meadow
name,Makaila
name,Kya
name,Ximena
name,Jimena
name,Melany
name,Jamya
name,Taina
name,Aubrie
name,Frida
name,Kaliyah
name,Mikaila
name,Taliyah
name,Taniya
name,Citlali
name,Annabella
name,Dafne
name,Hayleigh
name,Yoselin
name,Areli
name,Madalynn
name,Priscila
name,Miah
name,Keila
name,Natalya
name,Jaylynn
name,Rianna
name,Sheyla
name,Aryana
name,Elle
name,Lisbeth
name,Evelin
name,Makena
name,Jaliyah
name,Keyla
name,Giana
name,Maleah
name,Shreya
name,Maliyah
name,Samira
name,Jalynn
name,Galilea
name,Riya
name,Cadence
name,Iyanna
name,Kiya
name,Jaylyn
name,Estefani
name,Yareli
name,Dayanara
name,Janiyah
name,Taniyah
name,Sanaa
name,Yahaira
name,Kadence
name,Amiyah
name,Tamya
name,Sherlyn
name,Natalee
name,Lainey
name,Angeles
name,Karyme
name,Arly
name,Saniya
name,Sariah
name,Kaydence
name,Alani
name,Amaris
name,Charlize
name,Kimora
name,Xiomara
name,Marin
name,Diya
name,Treasure
name,Aleena
name,Saniyah
name,Addyson
name,Karis
name,Gracelyn
name,Jaylee
name,Nathaly
name,Livia
name,Jayleen
name,Janiah
name,Gwyneth
name,Zariah
name,Averie
name,Heidy
name,Mikalah
name,Arleth
name,Karma
name,Siena
name,Jaelynn
name,Anabelle
name,Naima
name,Anneliese
name,Zara
name,Elliana
name,Kinsley
name,Selah
name,Jolette
name,Brylee
name,Myla
name,Yuridia
name,Montserrat
name,Valery
name,Lilianna
name,Leyla
name,Rihanna
name,Addisyn
name,Akeelah
name,Adison
name,Lilyana
name,Nathalia
name,Paisley
name,Yaretzi
name,Scarlet
name,Braelyn
name,Kamila
name,Cailyn
name,Bethzy
name,Adyson
name,Joselin
name,Mariyah
name,Kinley
name,Jaylah
name,Charlee
name,Adamaris
name,Malaya
name,Khloe
name,Amirah
name,Briley
name,Jorja
name,Rayne
name,Sanai
name,Dahlia
name,Lorelai
name,Neveah
name,Izabelle
name,Miley
name,Mylee
name,Jordin
name,Jaslene
name,Audrina
name,Azul
name,Marely
name,Shiloh
name,Madilynn
name,Jaeda
name,Jazlynn
name,Londyn
name,Giada
name,Adelyn
name,Jocelynn
name,Mylie
name,Adalyn
name,Aliana
name,Giuliana
name,Azaria
name,Zaniyah
name,Alyvia
name,Joseline
name,Kelis
name,Lillianna
name,Kylah
name,Hadassah
name,Allisson
name,Caylee
name,Mareli
name,Dayami
name,Alisson
name,Nylah
name,Jazlene
name,Adalynn
name,Jaslyn
name,Gemma
name,Lailah
name,Brynlee
name,Raelynn
name,Marlie
name,Anabella
name,Ariella
name,Kamora
name,Paityn
name,Payten
name,Amiah
name,Averi
name,Avah
name,Karsyn
name,Jamiya
name,Laylah
name,Carleigh
name,Kenley
name,Sloane
name,Elianna
