Are there legal aid services available for domestic violence victims?,dom_voi_Resources_and_Services
How can I access emergency housing options for victims of domestic violence?,dom_voi_Resources_and_Services
What support is available for victims of domestic violence from marginalized communities?,dom_voi_Resources_and_Services
Can you provide information on financial assistance programs for domestic violence survivors?,dom_voi_Resources_and_Services
Are there specific resources for children who have witnessed domestic violence?,dom_voi_Resources_and_Services
How can I find counseling services for children who have experienced domestic violence?,dom_voi_Resources_and_Services
What are the options for victims seeking long-term housing after leaving an abusive relationship?,dom_voi_Resources_and_Services
How do I connect victims with employment support services after leaving an abusive situation?,dom_voi_Resources_and_Services
Are there specialized support groups for domestic violence survivors?,dom_voi_Resources_and_Services
How can I access mental health services for domestic violence survivors?,dom_voi_Resources_and_Services
Are there resources for victims who want to regain their financial independence after leaving an abusive partner?,dom_voi_Resources_and_Services
What services are available to help victims navigate the legal system during and after reporting?,dom_voi_Resources_and_Services
How can I find culturally sensitive resources for domestic violence victims from diverse backgrounds?,dom_voi_Resources_and_Services
Are there specific resources for pregnant victims of domestic violence?,dom_voi_Resources_and_Services
How can I connect victims with resources for legal advice and representation?,dom_voi_Resources_and_Services
What resources are available for victims seeking assistance with child custody and visitation issues?,dom_voi_Resources_and_Services
Are there programs that provide assistance to victims in obtaining housing and job training?,dom_voi_Resources_and_Services
Can you provide information on relocation assistance for victims who need to move to escape abuse?,dom_voi_Resources_and_Services
How can I access resources for victims who want to create a new identity to escape their abuser?,dom_voi_Resources_and_Services
What services are available for victims who are struggling with substance abuse as a result of the violence?,dom_voi_Resources_and_Services
How can I find resources that provide education and job training for survivors of domestic violence?,dom_voi_Resources_and_Services
Are there programs that offer financial support for victims who want to pursue education or training?,dom_voi_Resources_and_Services
What resources are available for victims of domestic violence who are pregnant or parenting?,dom_voi_Resources_and_Services
How can I connect victims with resources that offer legal advice related to immigration status?,dom_voi_Resources_and_Services
Are there organizations that provide assistance to victims in securing housing after leaving a shared home?,dom_voi_Resources_and_Services
How can I access resources that provide assistance with transportation for victims who need to leave an abusive situation?,dom_voi_Resources_and_Services
What services are available to help victims deal with the emotional trauma of domestic violence?,dom_voi_Resources_and_Services
Are there programs that offer assistance with pet safety and housing for domestic violence victims and their pets?,dom_voi_Resources_and_Services
How can I find resources that address the unique challenges faced by elderly victims of domestic violence?,dom_voi_Resources_and_Services
Are there support services specifically tailored for male victims of domestic violence?,dom_voi_Resources_and_Services
How can I access resources that provide assistance with technology safety for victims of online harassment and stalking?,dom_voi_Resources_and_Services
What organizations offer resources for victims who want to pursue civil lawsuits against their abusers?,dom_voi_Resources_and_Services
Are there resources available for victims who want to pursue restraining orders against their abusers?,dom_voi_Resources_and_Services
How can I find resources that provide assistance with navigating the child protection system for victims with children?,dom_voi_Resources_and_Services
Are there organizations that provide support for victims in rural or remote areas?,dom_voi_Resources_and_Services
