"I'm in danger, please help!",dom_voi_emergency
Emergency assistance needed!,dom_voi_emergency
Urgent help required!,dom_voi_emergency
"I'm in a dangerous situation, please help me!",dom_voi_emergency
I need help immediately!,dom_voi_emergency
"I'm in trouble, please assist!",dom_voi_emergency
Please send help quickly!,dom_voi_emergency
"Emergency situation, need assistance!",dom_voi_emergency
"I fear for my safety, help!",dom_voi_emergency
"Dangerous situation, help me!",dom_voi_emergency
"My life is in danger, please help!",dom_voi_emergency
"I'm facing violence, need help urgently!",dom_voi_emergency
Immediate help needed!,dom_voi_emergency
"Please call for help, I'm scared!",dom_voi_emergency
"SOS, need help now!",dom_voi_emergency
"I'm being abused, help!",dom_voi_emergency
"My situation is critical, help!",dom_voi_emergency
Please send help ASAP!,dom_voi_emergency
"I'm in an emergency, need assistance!",dom_voi_emergency
Urgent intervention needed!,dom_voi_emergency
"My safety is at risk, please help!",dom_voi_emergency
"I'm being harmed, send help!",dom_voi_emergency
"I'm trapped, need help urgently!",dom_voi_emergency
"Please save me, I'm scared!",dom_voi_emergency
"In danger, need immediate help!",dom_voi_emergency
"I can't escape, help!",dom_voi_emergency
Emergency response needed!,dom_voi_emergency
"Please call 911, I'm in danger!",dom_voi_emergency
"Dangerous situation, please help me!",dom_voi_emergency
"Urgent help required, please respond!",dom_voi_emergency
"My life is in peril, help!",dom_voi_emergency
"Please notify authorities, I'm in trouble!",dom_voi_emergency
"I'm in a violent situation, help me!",dom_voi_emergency
"Send help quickly, I'm frightened!",dom_voi_emergency
"I need help now, please assist!",dom_voi_emergency
"I'm being attacked, send help!",dom_voi_emergency
Emergency assistance required!,dom_voi_emergency
"I'm suffering, please help me!",dom_voi_emergency
"I'm unsafe, need assistance!",dom_voi_emergency
Please send help immediately!,dom_voi_emergency
"Urgent situation, need help!",dom_voi_emergency
"I'm a victim of abuse, help!",dom_voi_emergency
"Dangerous circumstances, assist me!",dom_voi_emergency
"My safety is compromised, please help!",dom_voi_emergency
"I'm being hurt, send help!",dom_voi_emergency
"Emergency help needed, please respond!",dom_voi_emergency
"I'm facing violence, help me!",dom_voi_emergency
"I'm in immediate danger, assist!",dom_voi_emergency
"Please call for help, I'm in trouble!",dom_voi_emergency
"I'm in distress, need help!",dom_voi_emergency
"Dangerous situation, urgent help needed!",dom_voi_emergency
"My life is in jeopardy, help!",dom_voi_emergency
"I'm being mistreated, please help!",dom_voi_emergency
"I'm at risk, send help!",dom_voi_emergency
"Please save me, I'm in danger!",dom_voi_emergency
"Urgent situation, please assist!",dom_voi_emergency
"I'm trapped, need urgent help!",dom_voi_emergency
"I need help urgently, please help me!",dom_voi_emergency
"I'm facing harm, send help!",dom_voi_emergency
"Emergency response needed, help!",dom_voi_emergency
"I'm being assaulted, please help!",dom_voi_emergency
"I'm in trouble, urgent assistance needed!",dom_voi_emergency
"I'm under threat, help!",dom_voi_emergency
"Please notify authorities, I'm in danger!",dom_voi_emergency
"Dangerous situation, please save me!",dom_voi_emergency
"Urgent help needed, please respond!",dom_voi_emergency
"I'm at risk of harm, help!",dom_voi_emergency
"I'm being victimized, assist me!",dom_voi_emergency
Please send help urgently!,dom_voi_emergency
"Emergency assistance needed, respond!",dom_voi_emergency
"I'm being abused, please help!",dom_voi_emergency
"I'm in danger, urgent help needed!",dom_voi_emergency
"Please call 911, I'm in trouble!",dom_voi_emergency
"I'm in a crisis, need help!",dom_voi_emergency
"Dangerous situation, please assist!",dom_voi_emergency
"I'm in a threatening situation, help!",dom_voi_emergency
"Please save me, I'm in trouble!",dom_voi_emergency
"Urgent situation, send help!",dom_voi_emergency
"I'm being mistreated, help!",dom_voi_emergency
"I'm in peril, please help!",dom_voi_emergency
"Emergency response needed, assist!",dom_voi_emergency
"I'm facing violence, please help me!",dom_voi_emergency
"I'm under attack, help!",dom_voi_emergency
"Please notify authorities, I'm in trouble!",dom_voi_emergency
"Dangerous situation, please respond!",dom_voi_emergency
"Urgent help needed, I'm in danger!",dom_voi_emergency
"I'm being harmed, please help!",dom_voi_emergency
"I'm in a dangerous situation, assist me!",dom_voi_emergency
"Please save me, I'm frightened!",dom_voi_emergency
"Urgent situation, please assist!",dom_voi_emergency
"I'm facing abuse, help!",dom_voi_emergency
"I'm unsafe, please help me!",dom_voi_emergency
"Emergency response needed, send help!",dom_voi_emergency
"I'm in trouble, please help!",dom_voi_emergency
"I'm at risk of danger, help!",dom_voi_emergency
"Dangerous situation, assist me!",dom_voi_emergency
"Please call for help, I'm in danger!",dom_voi_emergency
"Urgent help needed, I'm in trouble!",dom_voi_emergency
"I'm being victimized, please help!",dom_voi_emergency
"I'm in danger, urgent assistance needed!",dom_voi_emergency
Please send help quickly!,dom_voi_emergency
"I'm facing violence, send help!",dom_voi_emergency
"I'm under threat, please help!",dom_voi_emergency
"Emergency assistance needed, please save me!",dom_voi_emergency
"I'm in a crisis, help!",dom_voi_emergency
"Dangerous situation, please notify authorities!",dom_voi_emergency
"Urgent help needed, assist me!",dom_voi_emergency
"I'm being attacked, help!",dom_voi_emergency
"I'm in danger, please respond!",dom_voi_emergency
"I'm at risk, help me!",dom_voi_emergency
"Please save me, I'm in trouble!",dom_voi_emergency
"Urgent situation, send assistance!",dom_voi_emergency
"I'm being mistreated, please help!",dom_voi_emergency
"I'm under attack, assist!",dom_voi_emergency
"Emergency response needed, I'm in danger!",dom_voi_emergency
"I'm facing abuse, help me!",dom_voi_emergency
"I'm in trouble, urgent help required!",dom_voi_emergency
"Please call for help, assist me!",dom_voi_emergency
"Urgent help needed, please save me!",dom_voi_emergency
"I'm in danger, please assist!",dom_voi_emergency
"Dangerous situation, help!",dom_voi_emergency
"I'm at risk, please help me!",dom_voi_emergency
Please send help immediately!,dom_voi_emergency
"I'm facing violence, I need help!",dom_voi_emergency
"I'm under threat, urgent help needed!",dom_voi_emergency
"Emergency assistance needed, help me!",dom_voi_emergency
"I'm in trouble, please save me!",dom_voi_emergency
"I'm being victimized, assist!",dom_voi_emergency
