"What does ""mental health"" mean?","term_mental_health"
"Can you explain the concept of mental health?","term_mental_health"
"What exactly is meant by ""mental health""?","term_mental_health"
"Could you define mental health for me?","term_mental_health"
"I'm curious, what is mental health?","term_mental_health"
"Can you give me an overview of mental health?","term_mental_health"
"What's the definition of mental health?","term_mental_health"
"What falls under the term ""mental health""?","term_mental_health"
"Can you provide some information about mental health?","term_mental_health"
"I'm not sure I understand mental healthâ€”can you help me out?","term_mental_health"
"",""
"""Mental health refers to your emotional, psychological, and social well-being. It involves how you think, feel, and behave, and it impacts how you handle stress, relate to others, and make choices. Just as physical health is important, mental health plays a crucial role in your overall well-being. It's about finding a balance in your thoughts, emotions, and actions to lead a fulfilling life.""",""
"",""
"Why should I care about my mental health?","why_mental_health"
"What's the significance of mental well-being?","why_mental_health"
"What's the big deal about mental health?","why_mental_health"
"Can you explain why mental health matters?","why_mental_health"
"What are the reasons behind valuing mental health?","why_mental_health"
"Why is it important to prioritize mental well-being?","why_mental_health"
"Can you elaborate on the importance of mental health?","why_mental_health"
"What role does mental health play in overall wellness?","why_mental_health"
"What are the implications of neglecting mental health?","why_mental_health"
"Why do people emphasize the importance of mental well-being?","why_mental_health"
"",""
"""Maintaining good mental health is crucial for overall well-being. Just as physical health affects our body, mental health impacts our thoughts, emotions, and behaviors. It influences how we cope with stress, relate to others, and make life decisions. Prioritizing mental health enhances resilience, helps manage challenges, and contributes to a fulfilling life.""",""
"",""
"How does mental health impact one's overall well-being?","mental_health_overall_well_being"
"Can you explain how mental health influences overall well-being?","mental_health_overall_well_being"
"What is the relationship between mental health and overall well-being?","mental_health_overall_well_being"
"In what ways does mental health affect a person's overall well-being?","mental_health_overall_well_being"
"What effects does mental health have on overall well-being?","mental_health_overall_well_being"
"How do mental health issues influence one's overall well-being?","mental_health_overall_well_being"
"Could you elaborate on the connection between mental health and overall well-being?","mental_health_overall_well_being"
"What role does mental health play in determining overall well-being?","mental_health_overall_well_being"
"How does the state of one's mental health contribute to their overall well-being?","mental_health_overall_well_being"
"Why is it important to consider mental health in relation to overall well-being?","mental_health_overall_well_being"
"",""
"""Your mental health significantly influences your overall well-being. Positive mental health contributes to emotional resilience, better coping with stress, and stronger relationships. On the other hand, poor mental health can lead to emotional distress, hindered daily functioning, and strained interactions. Nurturing good mental health through self-care, seeking support, and practicing healthy coping strategies can enhance your overall quality of life.""",""
"",""
"What are some indicators of good mental health?","signsof_good_mental_health"
"Can you list the typical signs of good mental health?","signsof_good_mental_health"
"How can I recognize when I have good mental health?","signsof_good_mental_health"
"What are the usual characteristics of someone with good mental health?","signsof_good_mental_health"
"Could you describe the signs of a mentally healthy person?","signsof_good_mental_health"
"What do people with well-balanced mental health often display?","signsof_good_mental_health"
"How can I identify if I'm experiencing good mental health?","signsof_good_mental_health"
"Are there certain behaviors that suggest someone has good mental health?","signsof_good_mental_health"
"What are the common traits of individuals with positive mental health?","signsof_good_mental_health"
"Can you outline the signs that point to good mental well-being?","signsof_good_mental_health"
"",""
"Good mental health is characterized by a range of positive qualities and behaviors. People with good mental health often display resilience, adaptability, and a sense of emotional well-being. Some common signs of good mental health include:_x000D_
_x000D_
Emotional Balance: Being able to manage and express a wide range of emotions in a healthy and constructive manner._x000D_
_x000D_
Positive Self-Esteem: Having a strong sense of self-worth and confidence._x000D_
_x000D_
Healthy Relationships: Maintaining fulfilling and supportive relationships with friends, family, and colleagues._x000D_
_x000D_
Effective Coping: Being able to cope with life's challenges and stressors in a productive way._x000D_
_x000D_
Optimism: Having a generally positive outlook on life and the future._x000D_
_x000D_
Resilience: Bouncing back from setbacks and adversity with a sense of determination._x000D_
_x000D_
Flexibility: Adapting to changes and uncertainties with an open mind._x000D_
_x000D_
Self-Care: Prioritizing self-care activities that promote physical, emotional, and mental well-being._x000D_
_x000D_
Engagement: Feeling a sense of purpose and engagement in activities that bring joy and fulfillment._x000D_
_x000D_
Effective Communication: Being able to express thoughts and feelings in a clear and respectful manner.",""
"",""
"What are mental health issues?","mental_health_issues"
"Can you explain mental health disorders?","mental_health_issues"
"What types of mental health problems are there?","mental_health_issues"
"Could you list some examples of mental disorders?","mental_health_issues"
"Tell me about psychological disorders.","mental_health_issues"
"Explain different types of mental health issues.","mental_health_issues"
"What kinds of mental illnesses exist?","mental_health_issues"
"Could you describe common mental health disorders?","mental_health_issues"
"What are some examples of mental health conditions?","mental_health_issues"
"Can you provide an overview of mental disorders?","mental_health_issues"
"Describe various mental health issues or conditions.","mental_health_issues"
"I'm curious about disorders related to mental health.","mental_health_issues"
"What do you know about mental health-related problems?","mental_health_issues"
"Could you give me some information about psychiatric disorders?","mental_health_issues"
"How can I recognize different mental health disorders?","mental_health_issues"
"",""
"Sure! Mental health issues or disorders refer to conditions that affect a person's thoughts, feelings, behaviors, or overall well-being. They can range from common concerns like anxiety and depression to more complex conditions like schizophrenia. These conditions can impact how individuals think, feel, or interact with others, and seeking professional help is crucial for proper diagnosis and treatment.",""
"",""
"What is the global prevalence of mental health issues?","mental_health_concern"
"How common are mental health problems around the world?","mental_health_concern"
"Can you tell me about the occurrence of mental health issues on a global scale?","mental_health_concern"
"What is the worldwide incidence of mental health disorders?","mental_health_concern"
"Are mental health issues widespread on a global level?","mental_health_concern"
"Could you provide information on how prevalent mental health challenges are globally?","mental_health_concern"
"Do many people around the world experience mental health problems?","mental_health_concern"
"Is there data on the frequency of mental health issues across different countries?","mental_health_concern"
"What's the extent of mental health issues across the globe?","mental_health_concern"
"Are mental health disorders a common issue internationally?","mental_health_concern"
"",""
"Mental health issues are a global concern, affecting people of all backgrounds and ages. They are quite prevalent, with millions of individuals worldwide experiencing various mental health challenges. Factors such as culture, socioeconomic status, and access to healthcare can influence these rates. It's important to raise awareness about mental health to promote understanding and support for those affected.",""
"",""
"Is it possible for anyone to face mental health issues, regardless of age or background?","mental_health_on_ages_background"
"Do mental health challenges affect people of all ages and backgrounds?","mental_health_on_ages_background"
"Are mental health problems something that can impact everyone, regardless of their age or background?","mental_health_on_ages_background"
"Can people from different age groups and backgrounds experience mental health difficulties?","mental_health_on_ages_background"
"Do mental health issues discriminate based on age or background?","mental_health_on_ages_background"
"Are mental health challenges universal and not limited by age or background?","mental_health_on_ages_background"
"Is it true that mental health issues can affect individuals regardless of their age or life circumstances?","mental_health_on_ages_background"
"Do mental health struggles occur across different ages and backgrounds?","mental_health_on_ages_background"
"Is there no immunity to mental health problems, irrespective of age or background?","mental_health_on_ages_background"
"Can mental health challenges arise irrespective of a person's age or background?","mental_health_on_ages_background"
"",""
"Absolutely, mental health challenges can affect people of all ages and backgrounds. Mental health is a universal aspect of human well-being, and factors such as age, gender, ethnicity, and socioeconomic status do not provide immunity. It's important to recognize that anyone, regardless of their life circumstances, can experience mental health difficulties and may benefit from support and resources.",""
"",""
"What factors can lead to mental health issues?","factors_lead_to_mental_health"
"Are there things that can cause mental health problems?","factors_lead_to_mental_health"
"What are the elements that contribute to mental health challenges?","factors_lead_to_mental_health"
"Can you tell me about the factors that influence mental health problems?","factors_lead_to_mental_health"
"Are there any specific reasons people experience mental health issues?","factors_lead_to_mental_health"
"What are the possible causes of mental health problems?","factors_lead_to_mental_health"
"Can you list some factors that play a role in mental health issues?","factors_lead_to_mental_health"
"What influences the development of mental health problems?","factors_lead_to_mental_health"
"Are there any known contributors to mental health challenges?","factors_lead_to_mental_health"
"Could you explain the various factors that impact mental health problems?","factors_lead_to_mental_health"
"",""
"Mental health problems can arise due to a combination of biological, genetic, psychological, and environmental factors. Stress, trauma, family history of mental illness, brain chemistry imbalances, and social isolation are some elements that can contribute to these challenges.",""
"",""
"Is physical health related to mental health?",""
"Do physical well-being and mental well-being influence each other?","physical_mental_health_relation"
"Can the state of my body affect my mental state?","physical_mental_health_relation"
"Are there links between how I take care of my body and my mental wellness?","physical_mental_health_relation"
"Does a person's physical condition impact their mental condition?","physical_mental_health_relation"
"Is there a correlation between physical health and mental health?","physical_mental_health_relation"
"Do changes in my body's health affect my mind's health?","physical_mental_health_relation"
"Are physical health and mental health interconnected?","physical_mental_health_relation"
"Is the health of my body connected to my emotional well-being?","physical_mental_health_relation"
"Can improvements in physical health lead to better mental health?","physical_mental_health_relation"
"",""
"Yes, there is a strong connection between physical health and mental health. Research shows that taking care of your body through regular exercise, a balanced diet, and sufficient sleep can positively impact your mental well-being. Physical activity releases endorphins, which can boost mood, and a healthy lifestyle can reduce the risk of certain mental health issues. Conversely, poor physical health can contribute to stress and negatively affect your mental state.",""
"",""
"What can I do to take care of my mental well-being?","care_mental_health"
"How do I ensure my mental well-being stays healthy?","care_mental_health"
"What steps can I take to improve my mental health?","care_mental_health"
"Are there ways to maintain and enhance my mental well-being?","care_mental_health"
"Can you provide advice on keeping my mental well-being in check?","care_mental_health"
"What strategies are effective for nurturing my mental health?","care_mental_health"
"Are there things I can do to promote my own mental well-being?","care_mental_health"
"Do you have tips for boosting my mental health and well-being?","care_mental_health"
"How can I proactively support my mental well-being?","care_mental_health"
"What actions contribute to a positive state of mental well-being?","care_mental_health"
"",""
"To enhance your mental well-being, prioritize self-care practices such as regular exercise, proper sleep, and a balanced diet. Engage in activities you enjoy, practice mindfulness or meditation, and cultivate positive social connections. Set realistic goals, manage stress through relaxation techniques, and seek professional help if needed. Remember that self-compassion and seeking support are essential for a healthy mental state.",""
