"What types of therapies are commonly used to treat mental health issues?","therapies"
"What are the frequently utilized therapeutic approaches for addressing mental health concerns?","therapies"
"Which therapeutic methods are commonly employed to manage mental health conditions?","therapies"
"What are some of the prevailing therapy techniques used for treating mental health disorders?","therapies"
"Could you provide insight into the usual therapies applied in the treatment of mental health issues?","therapies"
"Which therapeutic modalities are typically chosen for the treatment of mental health challenges?","therapies"
"Can you elaborate on the common therapeutic strategies employed in the realm of mental health treatment?","therapies"
"What are some well-known therapeutic methodologies utilized to address mental health conditions?","therapies"
"Could you shed light on the types of therapies often utilized for managing mental health issues?","therapies"
"What are the customary approaches to therapy that are employed for treating mental health concerns?","therapies"
"Which therapeutic interventions are generally selected to assist with mental health problem resolution?","therapies"
"",""
"Sure, there are several therapeutic approaches that are commonly used to treat mental health issues. These approaches are designed to address various aspects of mental well-being and help individuals cope with their challenges. Some of the frequently utilized therapies include:

Cognitive-Behavioral Therapy (CBT): CBT focuses on identifying and changing negative thought patterns and behaviors that contribute to mental health issues.

Dialectical Behavior Therapy (DBT): DBT combines cognitive-behavioral techniques with mindfulness practices to manage emotions and improve interpersonal skills.

Psychodynamic Therapy: This approach explores unconscious thoughts and feelings to understand how they influence behavior and emotions.

Mindfulness-Based Therapies: These therapies, like Mindfulness-Based Stress Reduction (MBSR), emphasize being present in the moment to reduce stress and improve overall well-being.

Exposure Therapy: Primarily used for anxiety disorders, exposure therapy helps individuals confront and manage their fears gradually.

Interpersonal Therapy (IPT): IPT focuses on improving interpersonal relationships and communication to alleviate symptoms.

Acceptance and Commitment Therapy (ACT): ACT combines mindfulness and behavior change techniques to help individuals accept difficult thoughts and emotions.

Family Therapy: This approach involves working with family members to address relational dynamics that contribute to mental health challenges.

Group Therapy: In group settings, individuals share experiences and support each other under the guidance of a trained therapist.

Art or Expressive Therapies: Creative methods like art, music, or dance can help individuals express emotions and explore their feelings.







",""
"",""
"Could you provide an explanation of cognitive-behavioral therapy (CBT) and its mechanisms?","cognitive_behavioral_therapy"
"Can you elucidate the concept of cognitive-behavioral therapy (CBT) and shed light on its operational principles?","cognitive_behavioral_therapy"
"Might you offer insights into cognitive-behavioral therapy (CBT), including its definition and functioning?","cognitive_behavioral_therapy"
"Would you be able to outline the fundamentals of cognitive-behavioral therapy (CBT) and its modus operandi?","cognitive_behavioral_therapy"
"Is it possible for you to describe cognitive-behavioral therapy (CBT) and delve into how it operates?","cognitive_behavioral_therapy"
"",""
"Certainly! Cognitive-behavioral therapy (CBT) is a therapeutic approach that focuses on identifying and changing patterns of thought and behavior. It operates by helping individuals recognize negative thought patterns and replacing them with healthier, more positive ones. Through this process, people learn to manage their emotions and improve their coping skills.",""
"",""
"Are there pharmaceutical options to assist in managing mental health conditions?","mental_health_conditions"
"Do medications exist that can aid in the management of mental health issues?","mental_health_conditions"
"Are there drugs that can be utilized to support the control of mental health conditions?","mental_health_conditions"
"Is there medication that can be employed to help cope with mental health conditions?","mental_health_conditions"
"Are medicinal solutions accessible to aid in the management of mental health challenges?","mental_health_conditions"
"",""
"Yes, there are medications specifically developed to assist in managing various mental health conditions. These medications can play a crucial role in treatment plans, often working alongside therapies to help individuals better cope with their mental health challenges.",""
"",""
"In what ways do therapists assess and choose the most suitable treatment approach for an individual's requirements?","treatment"
"What factors do therapists consider when deciding on the most appropriate treatment strategy for an individual's unique needs?","treatment"
"How do therapists tailor treatment approaches to match the specific needs of each individual?","treatment"
"What methods do therapists use to ascertain the optimal treatment approach based on an individual's distinct needs?","treatment"
"By what means do therapists evaluate and select the treatment approach that best aligns with an individual's particular requirements?","treatment"
"",""
"Therapists employ a comprehensive assessment process to identify the ideal treatment approach for an individual's unique needs. This involves considering factors like the person's specific challenges, preferences, and therapeutic goals. By tailoring the treatment plan to these individual aspects, therapists aim to provide the most effective and personalized care.",""
"",""
"How does individual therapy differ from group therapy?","group_therapy"
"Could you explain the contrasts between individual therapy and group therapy?","group_therapy"
"In what ways do individual therapy and group therapy vary from each other?","group_therapy"
"What are the distinctions between individual therapy versus group therapy?","group_therapy"
"Can you outline the differences that exist between individual therapy and group therapy","group_therapy"
"",""
"Individual therapy involves one-on-one sessions with a therapist where you can focus on your personal challenges and goals. Group therapy, on the other hand, involves sessions with a small group of people facing similar issues, fostering shared support and insight.",""
"",""
"Are there other therapy options or complementary approaches that might be beneficial for mental health?","additional_therapies"
"Could you provide information about additional therapies or complementary methods that have shown effectiveness in treating mental health issues?","additional_therapies"
"What are some alternative or supplementary therapies that have proven effective in addressing mental health concerns?","additional_therapies"
"Are there unconventional or complementary treatments that could be useful in supporting mental well-being?","additional_therapies"
"Could you discuss therapies outside the conventional spectrum that could offer effectiveness in enhancing mental health?","additional_therapies"
"Do you have information on unconventional or supplemental therapies that contribute to positive mental health outcomes?","additional_therapies"
"What are some non-traditional or adjunctive therapies that show promise in promoting mental health and wellness?","additional_therapies"
"Can you provide insights into additional therapeutic options or holistic approaches that can be helpful for mental health?","additional_therapies"
"Are there any therapies beyond the norm that could be considered for their positive impact on mental health?","additional_therapies"
"Could you explore therapies that go beyond the mainstream and have the potential to contribute to mental well-being?","additional_therapies"
"",""
"Absolutely, there are indeed various alternative or complementary therapies that have shown effectiveness in promoting mental health. These approaches go beyond the traditional methods and often aim to address mental well-being from a holistic perspective. Some of these therapies include mindfulness meditation, art therapy, music therapy, acupuncture, aromatherapy, and yoga. It's important to note that the effectiveness of these therapies can vary from person to person, and it's recommended to discuss these options with a qualified mental health professional to determine what might work best for your individual needs.",""
"",""
"How can I determine if therapy is having a positive impact on my well-being?","therapy_impact"
"What signs should I look for to gauge the effectiveness of therapy in my life?","therapy_impact"
"What are some indicators that suggest therapy is making a difference for me?","therapy_impact"
"In what ways can I assess whether therapy is yielding positive results for me?","therapy_impact"
"Are there specific changes or improvements I should be noticing as a result of therapy?","therapy_impact"
"What are some ways to tell if the therapeutic process is positively influencing my mental health?","therapy_impact"
"How can I evaluate if therapy is contributing to my overall emotional and psychological growth?","therapy_impact"
"Are there certain markers or milestones that suggest therapy is working effectively for me?","therapy_impact"
"What are the observable outcomes that might indicate therapy is effective in my case?","therapy_impact"
"How do I go about recognizing the benefits of therapy in my daily life?","therapy_impact"
"",""
"Identifying whether therapy is beneficial involves noticing positive changes in your emotions, behaviors, and overall well-being. Look for improved coping skills, reduced distress, enhanced self-awareness, and more effective communication. Keep an eye out for shifts in your thought patterns and a greater sense of control over your mental health.",""
"",""
"Is it possible to incorporate self-help strategies alongside therapy?","self_help"
"Are self-help techniques compatible with concurrent therapy sessions?","self_help"
"Can I complement therapy with self-help methods?","self_help"
"Is it acceptable to combine therapy with self-guided strategies?","self_help"
"Is there room to integrate self-help practices alongside therapeutic sessions?","self_help"
"Could I utilize self-help techniques in conjunction with my therapy sessions?","self_help"
"Am I allowed to incorporate self-assistance methods alongside my therapy?","self_help"
"Is there potential for using self-help techniques alongside professional therapy?","self_help"
"Is it feasible to blend self-guided methods with ongoing therapy?","self_help"
"Can self-help strategies be used in tandem with therapy sessions?","self_help"
"",""
"""Absolutely, combining therapy with self-guided strategies is a proactive and beneficial approach. Many individuals find that using self-help techniques alongside therapy can enhance their progress and overall well-being. Self-guided strategies, such as mindfulness exercises, journaling, relaxation techniques, and self-care practices, can complement the insights gained from therapy sessions. It's important to discuss your intention to incorporate self-guided strategies with your therapist, as they can provide guidance and tailor your treatment plan to best suit your needs.""",""
"",""
"What's the typical duration of a therapy journey, and how frequently are sessions usually scheduled?","therapy_schedule"
"Could you provide insight into the average duration of therapy and the regularity of session scheduling?","therapy_schedule"
"How much time does a typical course of therapy encompass, and at what intervals are sessions commonly arranged?","therapy_schedule"
"What's the general time frame for therapy sessions, and how regularly do people usually have appointments?","therapy_schedule"
"Can you elaborate on the average length of a therapy process and the frequency of session arrangements?","therapy_schedule"
"I'm curious about the average span of therapy sessions and how often individuals tend to meet with therapists.","therapy_schedule"
"Could you shed light on the usual duration of a therapy program and the customary session frequency?","therapy_schedule"
"What's the expected duration of a typical therapy experience, and how often are appointments scheduled?","therapy_schedule"
"I'd like to understand the average time commitment for therapy sessions and the regularity of meeting with therapists.","therapy_schedule"
"Can you share information about the standard length of therapy engagements and how frequently sessions occur?","therapy_schedule"
"Feel free to choose the rephrased question that best fits your context and communication style.","therapy_schedule"
"",""
"Therapy durations and session frequencies can vary based on individual needs and the type of therapy chosen. On average, a course of therapy can last anywhere from a few weeks to several months, depending on the complexity of the issues being addressed and the progress made. Similarly, session scheduling can range from weekly to biweekly or even less frequent, depending on the therapist's recommendations and your availability. It's important to discuss these aspects with your therapist to determine what approach aligns best with your goals and circumstances.",""
