"Could you provide an overview of depression?","dipression"
"What does the term ""depression"" refer to?","dipression"
"Can you explain the concept of depression?","dipression"
"I'm curious about what depression entails. Could you shed light on it?","dipression"
"Could you give me a description of depression?","dipression"
"What are the defining features of depression?","dipression"
"I'd like to better understand depression. Can you help me with that?","dipression"
"Could you break down the meaning of depression for me?","dipression"
"What's the nature of depression?","dipression"
"Can you provide some insights into depression?","dipression"
"I'm interested in learning more about depression. Where can I start?","dipression"
"What should I know about depression?","dipression"
"Could you elaborate on depression and its characteristics?","dipression"
"What's the story behind depression?","dipression"
"I'm looking to gain a better understanding of depression. Any insights?","dipression"
"What is depression?","dipression"
"",""
"Depression is a mental health condition characterized by persistent feelings of sadness, low energy, and a lack of interest in activities. It can also lead to changes in sleep, appetite, and concentration. While everyone experiences sadness, depression is more intense and long-lasting. It's important to note that depression is a real medical condition that can impact various aspects of a person's life.",""
"",""
"What are the ways in which OCD presents itself in individuals?","OCD"
"Could you elaborate on the manifestations of OCD in people?","OCD"
"In what manner does OCD become apparent in individuals?","OCD"
"How do the symptoms of OCD show themselves in people?","OCD"
"What are the observable expressions of OCD in individuals?","OCD"
"Can you describe how OCD is evident in people's behavior?","OCD"
"What are the outward signs of OCD in individuals?","OCD"
"Could you shed light on how OCD displays itself in people's lives?","OCD"
"What are the ways in which people experience OCD symptoms?","OCD"
"In what ways do individuals exhibit the effects of OCD?","OCD"
"what is meant by OCD?",""
"Obsessive-Compulsive Disorder (OCD) can present itself through recurring, distressing thoughts (obsessions) and repetitive behaviors or mental acts (compulsions). Individuals might find themselves compelled to perform rituals to alleviate anxiety caused by these intrusive thoughts.",""
"",""
"What are the available treatments for depression?","treatment_depression"
"How do professionals typically approach the treatment of depression?","treatment_depression"
"Can you provide information about the treatment options for depression?","treatment_depression"
"What strategies and therapies are employed in the treatment of depression?","treatment_depression"
"What methods are commonly used to address and manage depression?","treatment_depression"
"How can depression be effectively managed and alleviated?","treatment_depression"
"Could you explain the various approaches used in the treatment of depression?","treatment_depression"
"What kinds of interventions are utilized to treat individuals with depression?","treatment_depression"
"Are there specific modalities or techniques recommended for treating depression?","treatment_depression"
"In what ways can professionals help individuals recover from depression?","treatment_depression"
"",""
"Depression can be approached through a variety of treatment options, each tailored to an individual's unique needs. Common treatments include psychotherapy, such as cognitive-behavioral therapy (CBT) and interpersonal therapy (IPT), which help individuals understand and manage their emotions and thought patterns. Medications like antidepressants can also be prescribed by healthcare professionals to alleviate symptoms. Lifestyle adjustments, like regular exercise, proper nutrition, and sufficient sleep, often play a significant role in managing depression. It's important to consult with a mental health professional to determine the most suitable treatment plan based on your specific situation.",""
"",""
"How ca anxiety affect daily life?","anxiety"
"In what ways can anxiety impact one's daily functioning?","anxiety"
"What are the ways in which anxiety can influence daily activities and routines?","anxiety"
"How does anxiety manifest and interfere with day-to-day life?","anxiety"
"What are the effects of anxiety on a person's daily experiences?","anxiety"
"What role does anxiety play in shaping daily behaviors and interactions?","anxiety"
"How might anxiety disrupt or alter everyday activities and responsibilities?","anxiety"
"In what manner can anxiety exert its influence on daily life?","anxiety"
"What are the implications of anxiety for an individual's daily functioning?","anxiety"
"How does anxiety contribute to challenges faced in everyday life situations?","anxiety"
"What are some ways in which anxiety can impact various aspects of daily living?","anxiety"
"",""
"Anxiety can have a profound impact on various aspects of daily functioning. It can influence the way a person thinks, feels, and acts throughout their day. For example, individuals experiencing anxiety might find it challenging to concentrate on tasks, make decisions, or even initiate activities due to excessive worry. Social interactions may become stressful, leading to avoidance of certain situations. Sleep patterns might be disrupted, causing fatigue and decreased energy levels. Additionally, anxiety can affect physical well-being, such as causing tension in muscles or gastrointestinal discomfort. Understanding how anxiety can manifest in daily life can be crucial in seeking effective coping strategies and support.",""
"",""
"What strategies can I use to cope with anxiety on a daily basis?","deal_anxiety"
"How do I effectively handle anxiety as part of my daily routine?","deal_anxiety"
"What practical steps can I take to manage anxiety throughout my daily life?","deal_anxiety"
"Are there techniques for navigating daily life while dealing with anxiety?","deal_anxiety"
"In what ways can I integrate anxiety management into my everyday activities?","deal_anxiety"
"What are some approaches to incorporating anxiety management into my daily life?","deal_anxiety"
"How can I weave anxiety management techniques into my day-to-day experiences?","deal_anxiety"
"Are there ways to address anxiety while going about my daily tasks?","deal_anxiety"
"What are some methods for integrating anxiety control into my daily routine?","deal_anxiety"
"How can I effectively handle anxiety as I navigate my daily responsibilities?","deal_anxiety"
"",""
"Discover strategies to navigate daily life while dealing with anxiety. Learn techniques to incorporate anxiety management into your routine, helping you handle everyday tasks with more ease and calmness.",""
"",""
"Could you provide an explanation of hallucinations?
Can you shed light on the concept of hallucinations?
I'd like to understand what hallucinations are. Could you explain?
Would you be able to describe what constitutes hallucinations?
What are hallucinations?
Might you offer insight into the nature of hallucinations?","hallucinations"
"",""
"Hallucinations are experiences where a person perceives things that aren't actually present in their external environment. These sensory perceptions, like hearing voices or seeing things, occur without any corresponding external stimulus and are typical symptoms of conditions like schizophrenia or certain drug use.",""
"",""
"What are hallucinations, how does it effect","hallucinations_effect"
"What do hallucinations involve, and how do they impact individuals?","hallucinations_effect"
"Could you explain what hallucinations are and how they influence people?","hallucinations_effect"
"Can you shed light on hallucinations and their effects on individuals?","hallucinations_effect"
"What's the definition of hallucinations, and how do they alter perception?","hallucinations_effect"
"Help me understand hallucinations and their implications on a person's experience.","hallucinations_effect"
"Tell me about hallucinationsâ€”how do they manifest, and what consequences do they have?","hallucinations_effect"
"What's the nature of hallucinations, and how do they shape a person's reality?","hallucinations_effect"
"Could you elaborate on hallucinations and their impact on a person's perception?","hallucinations_effect"
"",""
"Hallucinations involve experiencing sensory perceptions that aren't real, such as hearing voices or seeing things that others don't. They can significantly affect an individual's perception of reality, sometimes causing confusion, fear, and distress.",""
"",""
"In what ways does trauma affect mental well-being?","trauma"
"What are the ways in which trauma influences mental health?","trauma"
"How does trauma have an impact on one's mental wellness?","trauma"
"What are the effects of trauma on mental health?","trauma"
"In what manner does trauma impact a person's mental well-being?","trauma"
"What are the implications of trauma on mental health?","trauma"
"How does trauma shape one's mental health experiences?","trauma"
"What connections exist between trauma and mental well-being?","trauma"
"How does trauma influence the state of one's mental health?","trauma"
"What role does trauma play in shaping mental wellness?","trauma"
"How can trauma impact mental health?","trauma"
"",""
"Trauma can significantly affect an individual's mental wellness in various ways. Experiencing trauma can lead to a range of emotional, psychological, and behavioral responses that impact overall mental health. It might result in symptoms such as heightened anxiety, depression, flashbacks, nightmares, and difficulty concentrating. Trauma can also affect interpersonal relationships, self-esteem, and the ability to cope with stress. Recognizing and addressing the impact of trauma on mental wellness is crucial for healing and seeking the appropriate support.",""
"",""
"Can you explain the concept of eating disorders?","eating_disorders"
"Could you provide an overview of eating disorders?","eating_disorders"
"What do you know about eating disorders?","eating_disorders"
"Can you shed light on the topic of eating disorders?","eating_disorders"
"Could you give some insight into eating disorders?","eating_disorders"
"What information can you offer about eating disorders?","eating_disorders"
"Can you break down the concept of eating disorders for me?","eating_disorders"
"What's the deal with eating disorders?","eating_disorders"
"Can you elaborate on what eating disorders involve?","eating_disorders"
"I'd like to understand more about eating disordersâ€”could you help?","eating_disorders"
"What are eating disorders?","eating_disorders"
"",""
"Eating disorders are complex mental health conditions characterized by unhealthy attitudes and behaviors related to food, weight, and body image. They can include anorexia nervosa, bulimia nervosa, and binge eating disorder. These disorders often have serious physical and emotional consequences and require specialized treatment.",""
