voilence ,1. Report
voilence ,2. Immediate
voilence ,3. Emergency
voilence ,4. Urgent
voilence ,5. Confidential
voilence ,6. Accountability
voilence ,7. Legal
voilence ,8. Mandatory
voilence ,9. Required
voilence ,10. Essential
voilence ,11. Necessary
voilence ,12. Inevitable
voilence ,13. Unavoidable
voilence ,14. Secure
voilence ,15. Safety
voilence ,16. Protection
voilence ,17. Support
voilence ,18. Intervention
voilence ,19. Action
voilence ,20. Confirm
voilence ,21. Notify
voilence ,22. Ensure
voilence ,23. Compliance
voilence ,24. Empowerment
voilence ,25. Transparency
voilence ,26. Requisite
voilence ,27. Non-negotiable
voilence ,28. Protection
voilence ,29. Adherence
voilence ,30. Prompt
voilence ,31. Vital
voilence ,32. Mandate
voilence ,33. Assured
voilence ,34. Immediate response
voilence ,35. Obligation
voilence ,36. Assurance
voilence ,37. Involve
voilence ,38. Address
voilence ,39. Resolute
voilence ,40. Safeguard
voilence ,41. Guaranteed
voilence ,42. Advocate
voilence ,43. React
voilence ,44. Respond
voilence ,45. Enforce
voilence ,46. Duty
voilence ,47. Stand for
voilence ,48. Stand against
voilence ,49. Enact
voilence ,50. Inaction
voilence ,51. Intrafamily maltreatment
voilence ,52. Intimate abuse
voilence ,53. Domestic mistreatment
voilence ,54. Relationship tension
voilence ,55. Home violence
voilence ,56. Conjugal maltreatment
voilence ,57. Spousal hostility
voilence ,58. Intra-spousal maltreatment
voilence ,59. Family tension
voilence ,60. Abuse within households
voilence ,61. Intimate partner aggression
voilence ,62. Marital intimidation
voilence ,63. Partner bullying
voilence ,64. Domestic terror
voilence ,65. Intrafamily tension
voilence ,66. Interpersonal aggression
voilence ,67. Home hostility
voilence ,68. Domestic assault
voilence ,69. Family hostility
voilence ,70. Conjugal hostility
voilence ,71. Intimate partner mistreatment
voilence ,72. Relationship conflict
voilence ,73. Domestic bullying
voilence ,74. Marital bullying
voilence ,75. Partner tension
voilence ,76. Intrafamily bullying
voilence ,77. Home mistreatment
voilence ,78. Abuse within marriages
voilence ,79. Domestic tyranny
voilence ,80. Spousal conflict
voilence ,81. Marital tension
voilence ,82. Family bullying
voilence ,83. Intimate partner conflict
voilence ,84. Relationship bullying
voilence ,85. Home conflict
voilence ,86. Conjugal bullying
voilence ,87. Partner tyranny
voilence ,88. Intra-spousal conflict
voilence ,89. Domestic violence against women
voilence ,90. Intimate partner tension
voilence ,91. Marital terror
voilence ,92. Spousal tension
voilence ,93. Abuse within partnerships
voilence ,94. Family terror
voilence ,95. Conjugal tension
voilence ,96. Relationship tyranny
voilence ,97. Domestic hostility
voilence ,98. Partner terror
voilence ,99. Marital mistreatment
voilence ,100. Home tyranny
voilence ,101. Intrafamily terror
voilence ,102. Abuse in intimate relationships
voilence ,103. Spousal mistreatment
voilence ,104. Intimate partner hostility
voilence ,105. Relationship terror
voilence ,106. Family mistreatment
voilence ,107. Domestic fear
voilence ,108. Partner hostility
voilence ,109. Marital fear
voilence ,110. Home bullying
voilence ,111. Intrafamily fear
voilence ,112. Conjugal mistreatment
voilence ,113. Intimate partner bullying
voilence ,114. Relationship fear
voilence ,115. Domestic terror
voilence ,116. Spousal fear
voilence ,117. Marital hostility
voilence ,118. Abuse within family
voilence ,119. Family fear
voilence ,120. Conjugal fear
voilence ,121. Relationship mistreatment
voilence ,122. Home fear
voilence ,123. Intimate partner terror
voilence ,124. Spousal terror
voilence ,125. Abuse within intimate relationships
voilence ,126. Partner fear
voilence ,127. Marital tyranny
voilence ,128. Intrafamily mistreatment
voilence ,129. Family tyranny
voilence ,130. Domestic abuse against men
voilence ,131. Conjugal terror
voilence ,132. Relationship hostility
voilence ,133. Spousal bullying
voilence ,134. Home terror
voilence ,135. Partner mistreatment
voilence ,136. Marital bullying
voilence ,137. Intra-spousal terror
voilence ,138. Family hostility
voilence ,139. Domestic victimization
voilence ,140. Intimate partner fear
voilence ,141. Relationship victimization
voilence ,142. Home victimization
voilence ,143. Conjugal victimization
voilence ,144. Spousal victimization
voilence ,145. Family fear
voilence ,146. Partner victimization
voilence ,147. Marital fear
voilence ,148. Intrafamily victimization
voilence ,149. Domestic assault
voilence ,150. Intimate partner victimization
voilence ,151. Relationship assault
voilence ,152. Home assault
voilence ,153. Conjugal assault
voilence ,154. Spousal assault
voilence ,155. Family assault
voilence ,156. Partner assault
voilence ,157. Marital assault
voilence ,158. Intrafamily assault
voilence ,159. Abuse within homes
voilence ,160. Domestic oppression
voilence ,161. Intimate partner oppression
voilence ,162. Relationship oppression
voilence ,163. Home oppression
voilence ,164. Conjugal oppression
voilence ,165. Spousal oppression
voilence ,166. Family oppression
voilence ,167. Partner oppression
voilence ,168. Marital oppression
voilence ,169. Intrafamily oppression
voilence ,170. Domestic violence against partners
voilence ,171. Intimate partner violence against women
voilence ,172. Relationship violence against men
voilence ,173. Home violence against women
voilence ,174. Conjugal violence against partners
voilence ,175. Spousal violence against men
voilence ,176. Family violence against women
voilence ,177. Partner violence against men
voilence ,178. Marital violence against partners
voilence ,179. Intrafamily violence against women
voilence ,180. Domestic abuse against partners
voilence ,181. Intimate partner abuse against women
voilence ,182. Relationship abuse against men
voilence ,183. Home abuse against women
voilence ,184. Conjugal abuse against partners
voilence ,185. Spousal abuse against men
voilence ,186. Family abuse against women
voilence ,187. Partner abuse against men
voilence ,188. Marital abuse against partners
voilence ,189. Intrafamily abuse against women
voilence ,190. Domestic violence against the elderly
voilence ,191. Intimate partner violence against the elderly
voilence ,192. Relationship violence against the elderly
voilence ,193. Home violence against the elderly
voilence ,194. Conjugal violence against the elderly
voilence ,195. Spousal violence against the elderly
voilence ,196. Family violence against the elderly
voilence ,197. Partner violence against the elderly
voilence ,198. Marital violence against the elderly
voilence ,199. Intrafamily violence against the elderly
voilence ,200. Elder abuse
voilence ,201. Geriatric abuse
voilence ,202. Senior abuse
voilence ,203. Abuse of the elderly
voilence ,204. Elderly maltreatment
voilence ,205. Geriatric mistreatment
voilence ,206. Senior mistreatment
voilence ,207. Maltreatment of the elderly
voilence ,208. Elderly aggression
voilence ,209. Geriatric aggression
voilence ,210. Senior aggression
voilence ,211. Aggression towards the elderly
voilence ,212. Elderly conflict
voilence ,213. Geriatric conflict
voilence ,214. Senior conflict
voilence ,215. Conflict with the elderly
voilence ,216. Elderly aggression
voilence ,217. Geriatric aggression
voilence ,218. Senior aggression
voilence ,219. Aggression towards the elderly
voilence ,220. Elderly hostility
voilence ,221. Geriatric hostility
voilence ,222. Senior hostility
voilence ,223. Hostility towards the elderly
voilence ,224. Elderly abuse in relationships
voilence ,225. Geriatric abuse in relationships
voilence ,226. Senior abuse in relationships
voilence ,227. Relationship abuse towards the elderly
voilence ,228. Elderly mistreatment in relationships
voilence ,229. Geriatric mistreatment in relationships
voilence ,230. Senior mistreatment in relationships
voilence ,231. Mistreatment of the elderly in relationships
voilence ,232. Elderly aggression in relationships
voilence ,233. Geriatric aggression in relationships
voilence ,234. Senior aggression in relationships
voilence ,235. Aggression towards the elderly in relationships
voilence ,236. Elderly conflict in relationships
voilence ,237. Geriatric conflict in relationships
voilence ,238. Senior conflict in relationships
voilence ,239. Conflict with the elderly in relationships
voilence ,240. Elderly hostility in relationships
voilence ,241. Geriatric hostility in relationships
voilence ,242. Senior hostility in relationships
voilence ,243. Hostility towards the elderly in relationships
voilence ,244. Elderly abuse within families
voilence ,245. Geriatric abuse within families
voilence ,246. Senior abuse within families
voilence ,247. Family abuse towards the elderly
voilence ,248. Elderly mistreatment within families
voilence ,249. Geriatric mistreatment within families
voilence ,250. Senior mistreatment within families
voilence ,251. Mistreatment of the elderly within families
voilence ,252. Elderly aggression within families
voilence ,253. Geriatric aggression within families
voilence ,254. Senior aggression within families
voilence ,255. Aggression towards the elderly within families
voilence ,256. Elderly conflict within families
voilence ,257. Geriatric conflict within families
voilence ,258. Senior conflict within families
voilence ,259. Conflict with the elderly within families
voilence ,260. Elderly hostility within families
voilence ,261. Geriatric hostility within families
voilence ,262. Senior hostility within families
voilence ,263. Hostility towards the elderly within families
voilence ,264. Elderly abuse within households
voilence ,265. Geriatric abuse within households
voilence ,266. Senior abuse within households
voilence ,267. Household abuse towards the elderly
voilence ,268. Elderly mistreatment within households
voilence ,269. Geriatric mistreatment within households
voilence ,270. Senior mistreatment within households
voilence ,271. Mistreatment of the elderly within households
voilence ,272. Elderly aggression within households
voilence ,273. Geriatric aggression within households
voilence ,274. Senior aggression within households
voilence ,275. Aggression towards the elderly within households
voilence ,276. Elderly conflict within households
voilence ,277. Geriatric conflict within households
voilence ,278. Senior conflict within households
voilence ,279. Conflict with the elderly within households
voilence ,280. Elderly hostility within households
voilence ,281. Geriatric hostility within households
voilence ,282. Senior hostility within households
voilence ,283. Hostility towards the elderly within households
voilence ,284. Elderly abuse within partnerships
voilence ,285. Geriatric abuse within partnerships
voilence ,286. Senior abuse within partnerships
voilence ,287. Partnership abuse towards the elderly
voilence ,288. Elderly mistreatment within partnerships
voilence ,289. Geriatric mistreatment within partnerships
voilence ,290. Senior mistreatment within partnerships
voilence ,291. Mistreatment of the elderly within partnerships
voilence ,292. Elderly aggression within partnerships
voilence ,293. Geriatric aggression within partnerships
voilence ,294. Senior aggression within partnerships
voilence ,295. Aggression towards the elderly within partnerships
voilence ,296. Elderly conflict within partnerships
voilence ,297. Geriatric conflict within partnerships
voilence ,298. Senior conflict within partnerships
voilence ,299. Conflict with the elderly within partnerships
voilence ,300. Elderly hostility within partnerships
voilence ,301. Geriatric hostility within partnerships
voilence ,302. Senior hostility within partnerships
voilence ,303. Hostility towards the elderly within partnerships
voilence ,304. Elderly abuse within relationships
voilence ,305. Geriatric abuse within relationships
voilence ,306. Senior abuse within relationships
voilence ,307. Relationship abuse towards the elderly
voilence ,308. Elderly mistreatment within relationships
voilence ,309. Geriatric mistreatment within relationships
voilence ,310. Senior mistreatment within relationships
voilence ,311. Mistreatment of the elderly within relationships
voilence ,312. Elderly aggression within relationships
voilence ,313. Geriatric aggression within relationships
voilence ,314. Senior aggression within relationships
voilence ,315. Aggression towards the elderly within relationships
voilence ,316. Elderly conflict within relationships
voilence ,317. Geriatric conflict within relationships
voilence ,318. Senior conflict within relationships
voilence ,319. Conflict with the elderly within relationships
voilence ,320. Elderly hostility within relationships
voilence ,321. Geriatric hostility within relationships
voilence ,322. Senior hostility within relationships
voilence ,323. Hostility towards the elderly within relationships
voilence ,324. Elderly abuse within families
voilence ,325. Geriatric abuse within families
voilence ,326. Senior abuse within families
voilence ,327. Family abuse towards the elderly
voilence ,328. Elderly mistreatment within families
voilence ,329. Geriatric mistreatment within families
voilence ,330. Senior mistreatment within families
voilence ,331. Mistreatment of the elderly within families
voilence ,332. Elderly aggression within families
voilence ,333. Geriatric aggression within families
voilence ,334. Senior aggression within families
voilence ,335. Aggression towards the elderly within families
voilence ,336. Elderly conflict within families
voilence ,337. Geriatric conflict within families
voilence ,338. Senior conflict within families
voilence ,339. Conflict with the elderly within families
voilence ,340. Elderly hostility within families
voilence ,341. Geriatric hostility within families
voilence ,342. Senior hostility within families
voilence ,343. Hostility towards the elderly within families
voilence ,344. Elderly abuse within households
voilence ,345. Geriatric abuse within households
voilence ,346. Senior abuse within households
voilence ,347. Household abuse towards the elderly
voilence ,348. Elderly mistreatment within households
voilence ,349. Geriatric mistreatment within households
voilence ,350. Senior mistreatment within households
voilence ,351. Mistreatment of the elderly within households
voilence ,352. Elderly aggression within households
voilence ,353. Geriatric aggression within households
voilence ,354. Senior aggression within households
voilence ,355. Aggression towards the elderly within households
voilence ,356. Elderly conflict within households
voilence ,357. Geriatric conflict within households
voilence ,358. Senior conflict within households
voilence ,359. Conflict with the elderly within households
voilence ,360. Elderly hostility within households
voilence ,361. Geriatric hostility within households
voilence ,362. Senior hostility within households
voilence ,363. Hostility towards the elderly within households
voilence ,364. Elderly abuse within partnerships
voilence ,365. Geriatric abuse within partnerships
voilence ,366. Senior abuse within partnerships
voilence ,367. Partnership abuse towards the elderly
voilence ,368. Elderly mistreatment within partnerships
voilence ,369. Geriatric mistreatment within partnerships
voilence ,370. Senior mistreatment within partnerships
voilence ,371. Mistreatment of the elderly within partnerships
voilence ,372. Elderly aggression within partnerships
voilence ,373. Geriatric aggression within partnerships
voilence ,374. Senior aggression within partnerships
voilence ,375. Aggression towards the elderly within partnerships
voilence ,376. Elderly conflict within partnerships
voilence ,377. Geriatric conflict within partnerships
voilence ,378. Senior conflict within partnerships
voilence ,379. Conflict with the elderly within partnerships
voilence ,380. Elderly hostility within partnerships
voilence ,381. Geriatric hostility within partnerships
voilence ,382. Senior hostility within partnerships
voilence ,383. Hostility towards the elderly within partnerships
voilence ,384. Elderly abuse within relationships
voilence ,385. Geriatric abuse within relationships
voilence ,386. Senior abuse within relationships
voilence ,387. Relationship abuse towards the elderly
voilence ,388. Elderly mistreatment within relationships
voilence ,389. Geriatric mistreatment within relationships
voilence ,390. Senior mistreatment within relationships
voilence ,391. Mistreatment of the elderly within relationships
voilence ,392. Elderly aggression within relationships
voilence ,393. Geriatric aggression within relationships
voilence ,394. Senior aggression within relationships
voilence ,395. Aggression towards the elderly within relationships
voilence ,396. Elderly conflict within relationships
voilence ,397. Geriatric conflict within relationships
voilence ,398. Senior conflict within relationships
voilence ,399. Conflict with the elderly within relationships
voilence ,400. Elderly hostility within relationships
voilence ,401. Geriatric hostility within relationships
voilence ,402. Senior hostility within relationships
voilence ,403. Hostility towards the elderly within relationships
voilence ,404. Elderly abuse within families
voilence ,405. Geriatric abuse within families
voilence ,406. Senior abuse within families
voilence ,407. Family abuse towards the elderly
voilence ,408. Elderly mistreatment within families
voilence ,409. Geriatric mistreatment within families
voilence ,410. Senior mistreatment within families
voilence ,411. Mistreatment of the elderly within families
voilence ,412. Elderly aggression within families
voilence ,413. Geriatric aggression within families
voilence ,414. Senior aggression within families
voilence ,415. Aggression towards the elderly within families
voilence ,416. Elderly conflict within families
voilence ,417. Geriatric conflict within families
voilence ,418. Senior conflict within families
voilence ,419. Conflict with the elderly within families
voilence ,420. Elderly hostility within families
voilence ,421. Geriatric hostility within families
voilence ,422. Senior hostility within families
voilence ,423. Hostility towards the elderly within families
voilence ,424. Elderly abuse within households
voilence ,425. Geriatric abuse within households
voilence ,426. Senior abuse within households
voilence ,427. Household abuse towards the elderly
voilence ,428. Elderly mistreatment within households
voilence ,429. Geriatric mistreatment within households
voilence ,430. Senior mistreatment within households
voilence ,431. Mistreatment of the elderly within households
voilence ,432. Elderly aggression within households
voilence ,433. Geriatric aggression within households
voilence ,434. Senior aggression within households
voilence ,435. Aggression towards the elderly within households
voilence ,436. Elderly conflict within households
voilence ,437. Geriatric conflict within households
voilence ,438. Senior conflict within households
voilence ,439. Conflict with the elderly within households
voilence ,440. Elderly hostility within households
voilence ,441. Geriatric hostility within households
voilence ,442. Senior hostility within households
voilence ,443. Hostility towards the elderly within households
voilence ,444. Elderly abuse within partnerships
voilence ,445. Geriatric abuse within partnerships
voilence ,446. Senior abuse within partnerships
voilence ,447. Partnership abuse towards the elderly
voilence ,448. Elderly mistreatment within partnerships
voilence ,449. Geriatric mistreatment within partnerships
voilence ,450. Senior mistreatment within partnerships
voilence ,451. Mistreatment of the elderly within partnerships
voilence ,452. Elderly aggression within partnerships
voilence ,453. Geriatric aggression within partnerships
voilence ,454. Senior aggression within partnerships
voilence ,455. Aggression towards the elderly within partnerships
voilence ,456. Elderly conflict within partnerships
voilence ,457. Geriatric conflict within partnerships
voilence ,458. Senior conflict within partnerships
voilence ,459. Conflict with the elderly within partnerships
voilence ,460. Elderly hostility within partnerships
voilence ,461. Geriatric hostility within partnerships
voilence ,462. Senior hostility within partnerships
voilence ,463. Hostility towards the elderly within partnerships
voilence ,464. Elderly abuse within relationships
voilence ,465. Geriatric abuse within relationships
voilence ,466. Senior abuse within relationships
voilence ,467. Relationship abuse towards the elderly
voilence ,468. Elderly mistreatment within relationships
voilence ,469. Geriatric mistreatment within relationships
voilence ,470. Senior mistreatment within relationships
voilence ,471. Mistreatment of the elderly within relationships
voilence ,472. Elderly aggression within relationships
voilence ,473. Geriatric aggression within relationships
voilence ,474. Senior aggression within relationships
voilence ,475. Aggression towards the elderly within relationships
voilence ,476. Elderly conflict within relationships
voilence ,477. Geriatric conflict within relationships
voilence ,478. Senior conflict within relationships
voilence ,479. Conflict with the elderly within relationships
voilence ,480. Elderly hostility within relationships
voilence ,481. Geriatric hostility within relationships
voilence ,482. Senior hostility within relationships
voilence ,483. Hostility towards the elderly within relationships
voilence ,484. Elderly abuse within families
voilence ,485. Geriatric abuse within families
voilence ,486. Senior abuse within families
voilence ,487. Family abuse towards the elderly
voilence ,488. Elderly mistreatment within families
voilence ,489. Geriatric mistreatment within families
voilence ,490. Senior mistreatment within families
voilence ,491. Mistreatment of the elderly within families
voilence ,492. Elderly aggression within families
voilence ,493. Geriatric aggression within families
voilence ,494. Senior aggression within families
voilence ,495. Aggression towards the elderly within families
voilence ,496. Elderly conflict within families
voilence ,497. Geriatric conflict within families
voilence ,498. Senior conflict within families
voilence ,499. Conflict with the elderly within families
voilence ,500. Elderly hostility within families
voilence ,501. Geriatric hostility within families
voilence ,502. Senior hostility within families
voilence ,503. Hostility towards the elderly within families
voilence ,504. Elderly abuse within households
voilence ,505. Geriatric abuse within households
voilence ,506. Senior abuse within households
voilence ,507. Household abuse towards the elderly
voilence ,508. Elderly mistreatment within households
voilence ,509. Geriatric mistreatment within households
voilence ,510. Senior mistreatment within households
voilence ,511. Mistreatment of the elderly within households
voilence ,512. Elderly aggression within households
voilence ,513. Geriatric aggression within households
voilence ,514. Senior aggression within households
voilence ,515. Aggression towards the elderly within households
voilence ,516. Elderly conflict within households
voilence ,517. Geriatric conflict within households
voilence ,518. Senior conflict within households
voilence ,519. Conflict with the elderly within households
voilence ,520. Elderly hostility within households
voilence ,521. Geriatric hostility within households
voilence ,522. Senior hostility within households
voilence ,523. Hostility towards the elderly within households
voilence ,524. Elderly abuse within partnerships
voilence ,525. Geriatric abuse within partnerships
voilence ,526. Senior abuse within partnerships
voilence ,527. Partnership abuse towards the elderly
voilence ,528. Elderly mistreatment within partnerships
voilence ,529. Geriatric mistreatment within partnerships
voilence ,530. Senior mistreatment within partnerships
voilence ,531. Mistreatment of the elderly within partnerships
voilence ,532. Elderly aggression within partnerships
voilence ,533. Geriatric aggression within partnerships
voilence ,534. Senior aggression within partnerships
voilence ,535. Aggression towards the elderly within partnerships
voilence ,536. Elderly conflict within partnerships
voilence ,537. Geriatric conflict within partnerships
voilence ,538. Senior conflict within partnerships
voilence ,539. Conflict with the elderly within partnerships
voilence ,540. Elderly hostility within partnerships
voilence ,541. Geriatric hostility within partnerships
voilence ,542. Senior hostility within partnerships
voilence ,543. Hostility towards the elderly within partnerships
voilence ,544. Elderly abuse within relationships
voilence ,545. Geriatric abuse within relationships
voilence ,546. Senior abuse within relationships
voilence ,547. Relationship abuse towards the elderly
voilence ,548. Elderly mistreatment within relationships
voilence ,549. Geriatric mistreatment within relationships
voilence ,550. Senior mistreatment within relationships
voilence ,551. Mistreatment of the elderly within relationships
voilence ,552. Elderly aggression within relationships
voilence ,553. Geriatric aggression within relationships
voilence ,554. Senior aggression within relationships
voilence ,555. Aggression towards the elderly within relationships
voilence ,556. Elderly conflict within relationships
voilence ,557. Geriatric conflict within relationships
voilence ,558. Senior conflict within relationships
voilence ,559. Conflict with the elderly within relationships
voilence ,560. Elderly hostility within relationships
voilence ,561. Geriatric hostility within relationships
voilence ,562. Senior hostility within relationships
voilence ,563. Hostility towards the elderly within relationships
voilence ,564. Elderly abuse within families
voilence ,565. Geriatric abuse within families
voilence ,566. Senior abuse within families
voilence ,567. Family abuse towards the elderly
voilence ,568. Elderly mistreatment within families
voilence ,569. Geriatric mistreatment within families
voilence ,570. Senior mistreatment within families
voilence ,571. Mistreatment of the elderly within families
voilence ,572. Elderly aggression within families
voilence ,573. Geriatric aggression within families
voilence ,574. Senior aggression within families
voilence ,575. Aggression towards the elderly within families
voilence ,576. Elderly conflict within families
voilence ,577. Geriatric conflict within families
voilence ,578. Senior conflict within families
voilence ,579. Conflict with the elderly within families
voilence ,580. Elderly hostility within families
voilence ,581. Geriatric hostility within families
voilence ,582. Senior hostility within families
voilence ,583. Hostility towards the elderly within families
voilence ,584. Elderly abuse within households
voilence ,585. Geriatric abuse within households
voilence ,586. Senior abuse within households
voilence ,587. Household abuse towards the elderly
voilence ,588. Elderly mistreatment within households
voilence ,589. Geriatric mistreatment within households
voilence ,590. Senior mistreatment within households
voilence ,591. Mistreatment of the elderly within households
voilence ,592. Elderly aggression within households
voilence ,593. Geriatric aggression within households
voilence ,594. Senior aggression within households
voilence ,595. Aggression towards the elderly within households
voilence ,596. Elderly conflict within households
voilence ,597. Geriatric conflict within households
voilence ,598. Senior conflict within households
voilence ,599. Conflict with the elderly within households
voilence ,600. Elderly hostility within households
voilence ,601. Geriatric hostility within households
voilence ,602. Senior hostility within households
voilence ,603. Hostility towards the elderly within households
voilence ,604. Elderly abuse within partnerships
voilence ,605. Geriatric abuse within partnerships
voilence ,606. Senior abuse within partnerships
voilence ,607. Partnership abuse towards the elderly
voilence ,608. Elderly mistreatment within partnerships
voilence ,609. Geriatric mistreatment within partnerships
voilence ,610. Senior mistreatment within partnerships
voilence ,611. Mistreatment of the elderly within partnerships
voilence ,612. Elderly aggression within partnerships
voilence ,613. Geriatric aggression within partnerships
voilence ,614. Senior aggression within partnerships
voilence ,615. Aggression towards the elderly within partnerships
voilence ,616. Elderly conflict within partnerships
voilence ,617. Geriatric conflict within partnerships
voilence ,618. Senior conflict within partnerships
voilence ,619. Conflict with the elderly within partnerships
voilence ,620. Elderly hostility within partnerships
voilence ,621. Geriatric hostility within partnerships
voilence ,622. Senior hostility within partnerships
voilence ,623. Hostility towards the elderly within partnerships
voilence ,624. Elderly abuse within relationships
voilence ,625. Geriatric abuse within relationships
voilence ,626. Senior abuse within relationships
voilence ,627. Relationship abuse towards the elderly
voilence ,628. Elderly mistreatment within relationships
voilence ,629. Geriatric mistreatment within relationships
voilence ,630. Senior mistreatment within relationships
voilence ,631. Mistreatment of the elderly within relationships
voilence ,632. Elderly aggression within relationships
voilence ,633. Geriatric aggression within relationships
voilence ,634. Senior aggression within relationships
voilence ,635. Aggression towards the elderly within relationships
voilence ,636. Elderly conflict within relationships
voilence ,637. Geriatric conflict within relationships
voilence ,638. Senior conflict within relationships
voilence ,639. Conflict with the elderly within relationships
voilence ,640. Elderly hostility within relationships
voilence ,641. Geriatric hostility within relationships
voilence ,642. Senior hostility within relationships
voilence ,643. Hostility towards the elderly within relationships
voilence ,644. Elderly abuse within families
voilence ,645. Geriatric abuse within families
voilence ,646. Senior abuse within families
voilence ,647. Family abuse towards the elderly
voilence ,648. Elderly mistreatment within families
voilence ,649. Geriatric mistreatment within families
voilence ,650. Senior mistreatment within families
voilence ,651. Mistreatment of the elderly within families
voilence ,652. Elderly aggression within families
voilence ,653. Geriatric aggression within families
voilence ,654. Senior aggression within families
voilence ,655. Aggression towards the elderly within families
voilence ,656. Elderly conflict within families
voilence ,657. Geriatric conflict within families
voilence ,658. Senior conflict within families
voilence ,659. Conflict with the elderly within families
voilence ,660. Elderly hostility within families
voilence ,661. Geriatric hostility within families
voilence ,662. Senior hostility within families
voilence ,663. Hostility towards the elderly within families
voilence ,664. Elderly abuse within households
voilence ,665. Geriatric abuse within households
voilence ,666. Senior abuse within households
voilence ,667. Household abuse towards the elderly
voilence ,668. Elderly mistreatment within households
voilence ,669. Geriatric mistreatment within households
voilence ,670. Senior mistreatment within households
voilence ,671. Mistreatment of the elderly within households
voilence ,672. Elderly aggression within households
voilence ,673. Geriatric aggression within households
voilence ,674. Senior aggression within households
voilence ,675. Aggression towards the elderly within households
voilence ,676. Elderly conflict within households
voilence ,677. Geriatric conflict within households
voilence ,678. Senior conflict within households
voilence ,679. Conflict with the elderly within households
voilence ,680. Elderly hostility within households
voilence ,681. Geriatric hostility within households
voilence ,682. Senior hostility within households
voilence ,683. Hostility towards the elderly within households
voilence ,684. Elderly abuse within partnerships
voilence ,685. Geriatric abuse within partnerships
voilence ,686. Senior abuse within partnerships
voilence ,687. Partnership abuse towards the elderly
voilence ,688. Elderly mistreatment within partnerships
voilence ,689. Geriatric mistreatment within partnerships
voilence ,690. Senior mistreatment within partnerships
voilence ,691. Mistreatment of the elderly within partnerships
voilence ,692. Elderly aggression within partnerships
voilence ,693. Geriatric aggression within partnerships
voilence ,694. Senior aggression within partnerships
voilence ,695. Aggression towards the elderly within partnerships
voilence ,696. Elderly conflict within partnerships
voilence ,697. Geriatric conflict within partnerships
voilence ,698. Senior conflict within partnerships
voilence ,699. Conflict with the elderly within partnerships
voilence ,700. Elderly hostility within partnerships
voilence ,701. Geriatric hostility within partnerships
voilence ,702. Senior hostility within partnerships
voilence ,703. Hostility towards the elderly within partnerships
voilence ,704. Elderly abuse within relationships
voilence ,705. Geriatric abuse within relationships
voilence ,706. Senior abuse within relationships
voilence ,707. Relationship abuse towards the elderly
voilence ,708. Elderly mistreatment within relationships
voilence ,709. Geriatric mistreatment within relationships
voilence ,710. Senior mistreatment within relationships
voilence ,711. Mistreatment of the elderly within relationships
voilence ,712. Elderly aggression within relationships
voilence ,713. Geriatric aggression within relationships
voilence ,714. Senior aggression within relationships
voilence ,715. Aggression towards the elderly within relationships
voilence ,716. Elderly conflict within relationships
voilence ,717. Geriatric conflict within relationships
voilence ,718. Senior conflict within relationships
voilence ,719. Conflict with the elderly within relationships
voilence ,720. Elderly hostility within relationships
voilence ,721. Geriatric hostility within relationships
voilence ,722. Senior hostility within relationships
voilence ,723. Hostility towards the elderly within relationships
voilence ,724. Elderly abuse within families
voilence ,725. Geriatric abuse within families
voilence ,726. Senior abuse within families
voilence ,727. Family abuse towards the elderly
voilence ,728. Elderly mistreatment within families
voilence ,729. Geriatric mistreatment within families
voilence ,730. Senior mistreatment within families
voilence ,731. Mistreatment of the elderly within families
voilence ,732. Elderly aggression within families
voilence ,733. Geriatric aggression within families
voilence ,734. Senior aggression within families
voilence ,735. Aggression towards the elderly within families
voilence ,736. Elderly conflict within families
voilence ,737. Geriatric conflict within families
voilence ,738. Senior conflict within families
voilence ,739. Conflict with the elderly within families
voilence ,740. Elderly hostility within families
voilence ,741. Geriatric hostility within families
voilence ,742. Senior hostility within families
voilence ,743. Hostility towards the elderly within families
voilence ,744. Elderly abuse within households
voilence ,745. Geriatric abuse within households
voilence ,746. Senior abuse within households
voilence ,747. Household abuse towards the elderly
voilence ,748. Elderly mistreatment within households
voilence ,749. Geriatric mistreatment within households
voilence ,750. Senior mistreatment within households
voilence ,751. Mistreatment of the elderly within households
voilence ,752. Elderly aggression within households
voilence ,753. Geriatric aggression within households
voilence ,754. Senior aggression within households
voilence ,755. Aggression towards the elderly within households
voilence ,756. Elderly conflict within households
voilence ,757. Geriatric conflict within households
voilence ,758. Senior conflict within households
voilence ,759. Conflict with the elderly within households
voilence ,760. Elderly hostility within households
voilence ,761. Geriatric hostility within households
voilence ,762. Senior hostility within households
voilence ,763. Hostility towards the elderly within households
voilence ,764. Elderly abuse within partnerships
voilence ,765. Geriatric abuse within partnerships
voilence ,766. Senior abuse within partnerships
voilence ,767. Partnership abuse towards the elderly
voilence ,768. Elderly mistreatment within partnerships
voilence ,769. Geriatric mistreatment within partnerships
voilence ,770. Senior mistreatment within partnerships
voilence ,771. Mistreatment of the elderly within partnerships
voilence ,772. Elderly aggression within partnerships
voilence ,773. Geriatric aggression within partnerships
voilence ,774. Senior aggression within partnerships
voilence ,775. Aggression towards the elderly within partnerships
voilence ,776. Elderly conflict within partnerships
voilence ,777. Geriatric conflict within partnerships
voilence ,778. Senior conflict within partnerships
voilence ,779. Conflict with the elderly within partnerships
voilence ,780. Elderly hostility within partnerships
voilence ,781. Geriatric hostility within partnerships
voilence ,782. Senior hostility within partnerships
voilence ,783. Hostility towards the elderly within partnerships
voilence ,784. Elderly abuse within relationships
voilence ,785. Geriatric abuse within relationships
voilence ,786. Senior abuse within relationships
voilence ,787. Relationship abuse towards the elderly
voilence ,788. Elderly mistreatment within relationships
voilence ,789. Geriatric mistreatment within relationships
voilence ,790. Senior mistreatment within relationships
voilence ,791. Mistreatment of the elderly within relationships
voilence ,792. Elderly aggression within relationships
voilence ,793. Geriatric aggression within relationships
voilence ,794. Senior aggression within relationships
voilence ,795. Aggression towards the elderly within relationships
voilence ,796. Elderly conflict within relationships
voilence ,797. Geriatric conflict within relationships
voilence ,798. Senior conflict within relationships
voilence ,799. Conflict with the elderly within relationships
voilence ,800. Elderly hostility within relationships
voilence ,801. Geriatric hostility within relationships
voilence ,802. Senior hostility within relationships
voilence ,803. Hostility towards the elderly within relationships
voilence ,804. Elderly abuse within families
voilence ,805. Geriatric abuse within families
voilence ,806. Senior abuse within families
voilence ,807. Family abuse towards the elderly
voilence ,808. Elderly mistreatment within families
voilence ,809. Geriatric mistreatment within families
voilence ,810. Senior mistreatment within families
voilence ,811. Mistreatment of the elderly within families
voilence ,812. Elderly aggression within families
voilence ,813. Geriatric aggression within families
voilence ,814. Senior aggression within families
voilence ,815. Aggression towards the elderly within families
voilence ,816. Elderly conflict within families
voilence ,817. Geriatric conflict within families
voilence ,818. Senior conflict within families
voilence ,819. Conflict with the elderly within families
voilence ,820. Elderly hostility within families
voilence ,821. Geriatric hostility within families
voilence ,822. Senior hostility within families
voilence ,823. Hostility towards the elderly within families
voilence ,824. Elderly abuse within households
voilence ,825. Geriatric abuse within households
voilence ,826. Senior abuse within households
voilence ,827. Household abuse towards the elderly
voilence ,828. Elderly mistreatment within households
voilence ,829. Geriatric mistreatment within households
voilence ,830. Senior mistreatment within households
voilence ,831. Mistreatment of the elderly within households
voilence ,832. Elderly aggression within households
voilence ,833. Geriatric aggression within households
voilence ,834. Senior aggression within households
voilence ,835. Aggression towards the elderly within households
voilence ,836. Elderly conflict within households
voilence ,837. Geriatric conflict within households
voilence ,838. Senior conflict within households
voilence ,839. Conflict with the elderly within households
voilence ,840. Elderly hostility within households
voilence ,841. Geriatric hostility within households
voilence ,842. Senior hostility within households
voilence ,843. Hostility towards the elderly within households
voilence ,844. Elderly abuse within partnerships
voilence ,845. Geriatric abuse within partnerships
voilence ,846. Senior abuse within partnerships
voilence ,848. Elderly mistreatment within partnerships
voilence ,849. Geriatric mistreatment within partnerships
voilence ,850. Senior mistreatment within partnerships
voilence ,851. Mistreatment of the elderly within partnerships
voilence ,852. Elderly aggression within partnerships
voilence ,853. Geriatric aggression within partnerships
voilence ,854. Senior aggression within partnerships
voilence ,855. Aggression towards the elderly within partnerships
voilence ,856. Elderly conflict within partnerships
voilence ,857. Geriatric conflict within partnerships
voilence ,858. Senior conflict within partnerships
voilence ,859. Conflict with the elderly within partnerships
voilence ,860. Elderly hostility within partnerships
voilence ,861. Geriatric hostility within partnerships
voilence ,862. Senior hostility within partnerships
voilence ,863. Hostility towards the elderly within partnerships
voilence ,864. Elderly abuse within relationships
voilence ,865. Geriatric abuse within relationships
voilence ,866. Senior abuse within relationships
voilence ,867. Relationship abuse towards the elderly
voilence ,868. Elderly mistreatment within relationships
voilence ,869. Geriatric mistreatment within relationships
voilence ,870. Senior mistreatment within relationships
voilence ,871. Mistreatment of the elderly within relationships
voilence ,872. Elderly aggression within relationships
voilence ,873. Geriatric aggression within relationships
voilence ,874. Senior aggression within relationships
voilence ,875. Aggression towards the elderly within relationships
voilence ,876. Elderly conflict within relationships
voilence ,877. Geriatric conflict within relationships
voilence ,878. Senior conflict within relationships
voilence ,879. Conflict with the elderly within relationships
voilence ,880. Elderly hostility within relationships
voilence ,881. Geriatric hostility within relationships
voilence ,882. Senior hostility within relationships
voilence ,883. Hostility towards the elderly within relationships
voilence ,884. Elderly abuse within families
voilence ,885. Geriatric abuse within families
voilence ,886. Senior abuse within families
voilence ,887. Family abuse towards the elderly
voilence ,888. Elderly mistreatment within families
voilence ,889. Geriatric mistreatment within families
voilence ,890. Senior mistreatment within families
voilence ,891. Mistreatment of the elderly within families
voilence ,892. Elderly aggression within families
voilence ,893. Geriatric aggression within families
voilence ,894. Senior aggression within families
voilence ,895. Aggression towards the elderly within families
voilence ,896. Elderly conflict within families
voilence ,897. Geriatric conflict within families
voilence ,898. Senior conflict within families
voilence ,899. Conflict with the elderly within families
voilence ,900. Elderly hostility within families
voilence ,901. Geriatric hostility within families
voilence ,902. Senior hostility within families
voilence ,903. Hostility towards the elderly within families
voilence ,904. Elderly abuse within households
voilence ,905. Geriatric abuse within households
voilence ,906. Senior abuse within households
voilence ,907. Household abuse towards the elderly
voilence ,908. Elderly mistreatment within households
voilence ,909. Geriatric mistreatment within households
voilence ,910. Senior mistreatment within households
voilence ,911. Mistreatment of the elderly within households
voilence ,912. Elderly aggression within households
voilence ,913. Geriatric aggression within households
voilence ,914. Senior aggression within households
voilence ,915. Aggression towards the elderly within households
voilence ,916. Elderly conflict within households
voilence ,917. Geriatric conflict within households
voilence ,918. Senior conflict within households
voilence ,919. Conflict with the elderly within households
voilence ,920. Elderly hostility within households
voilence ,921. Geriatric hostility within households
voilence ,922. Senior hostility within households
voilence ,923. Hostility towards the elderly within households
voilence ,924. Elderly abuse within partnerships
voilence ,925. Geriatric abuse within partnerships
voilence ,926. Senior abuse within partnerships
voilence ,927. Partnership abuse towards the elderly
voilence ,928. Elderly mistreatment within partnerships
voilence ,929. Geriatric mistreatment within partnerships
voilence ,930. Senior mistreatment within partnerships
voilence ,931. Mistreatment of the elderly within partnerships
voilence ,932. Elderly aggression within partnerships
voilence ,933. Geriatric aggression within partnerships
voilence ,934. Senior aggression within partnerships
voilence ,935. Aggression towards the elderly within partnerships
voilence ,936. Elderly conflict within partnerships
voilence ,937. Geriatric conflict within partnerships
voilence ,938. Senior conflict within partnerships
voilence ,939. Conflict with the elderly within partnerships
voilence ,940. Elderly hostility within partnerships
voilence ,941. Geriatric hostility within partnerships
voilence ,942. Senior hostility within partnerships
voilence ,943. Hostility towards the elderly within partnerships
voilence ,944. Elderly abuse within relationships
voilence ,945. Geriatric abuse within relationships
voilence ,946. Senior abuse within relationships
voilence ,947. Relationship abuse towards the elderly
voilence ,948. Elderly mistreatment within relationships
voilence ,949. Geriatric mistreatment within relationships
voilence ,950. Senior mistreatment within relationships
voilence ,951. Mistreatment of the elderly within relationships
voilence ,952. Elderly aggression within relationships
voilence ,953. Geriatric aggression within relationships
voilence ,954. Senior aggression within relationships
voilence ,955. Aggression towards the elderly within relationships
voilence ,956. Elderly conflict within relationships
voilence ,957. Geriatric conflict within relationships
voilence ,958. Senior conflict within relationships
voilence ,959. Conflict with the elderly within relationships
voilence ,960. Elderly hostility within relationships
voilence ,961. Geriatric hostility within relationships
voilence ,962. Senior hostility within relationships
voilence ,963. Hostility towards the elderly within relationships
voilence ,964. Elderly abuse within families
voilence ,965. Geriatric abuse within families
voilence ,966. Senior abuse within families
voilence ,967. Family abuse towards the elderly
voilence ,968. Elderly mistreatment within families
voilence ,969. Geriatric mistreatment within families
voilence ,970. Senior mistreatment within families
voilence ,971. Mistreatment of the elderly within families
voilence ,972. Elderly aggression within families
voilence ,973. Geriatric aggression within families
voilence ,974. Senior aggression within families
voilence ,975. Aggression towards the elderly within families
voilence ,976. Elderly conflict within families
voilence ,977. Geriatric conflict within families
voilence ,978. Senior conflict within families
voilence ,979. Conflict with the elderly within families
voilence ,980. Elderly hostility within families
voilence ,981. Geriatric hostility within families
voilence ,982. Senior hostility within families
voilence ,983. Hostility towards the elderly within families
voilence ,984. Elderly abuse within households
voilence ,985. Geriatric abuse within households
voilence ,986. Senior abuse within households
voilence ,987. Household abuse towards the elderly
voilence ,988. Elderly mistreatment within households
voilence ,989. Geriatric mistreatment within households
voilence ,990. Senior mistreatment within households
voilence ,991. Mistreatment of the elderly within households
voilence ,992. Elderly aggression within households
voilence ,993. Geriatric aggression within households
voilence ,994. Senior aggression within households
voilence ,995. Aggression towards the elderly within households
voilence ,996. Elderly conflict within households
voilence ,997. Geriatric conflict within households
voilence ,998. Senior conflict within households
voilence ,999. Conflict with the elderly within households
voilence ,1000. Elderly hostility within households
voilence ,
